il_adi,ilce_adi,denetim_sayisi,il_ilce,il_kod,ilce_kod
Adana,Aladað,145,Adana Aladað,1,1757
Adana,Ceyhan,2426,Adana Ceyhan,1,1219
Adana,Çukurova,5860,Adana Çukurova,1,2033
Adana,Feke,193,Adana Feke,1,1329
Adana,Ýmamoðlu,501,Adana Ýmamoðlu,1,1806
Adana,Karaisalý,615,Adana Karaisalý,1,1437
Adana,Karataþ,447,Adana Karataþ,1,1443
Adana,Kozan,1588,Adana Kozan,1,1486
Adana,Pozantý,696,Adana Pozantý,1,1580
Adana,Saimbeyli,115,Adana Saimbeyli,1,1588
Adana,Sarýçam,2725,Adana Sarýçam,1,2032
Adana,Seyhan,9446,Adana Seyhan,1,1104
Adana,Tufanbeyli,252,Adana Tufanbeyli,1,1687
Adana,Yumurtalýk,483,Adana Yumurtalýk,1,1734
Adana,Yüreðir,5026,Adana Yüreðir,1,1748
Adýyaman,Besni,553,Adýyaman Besni,2,1182
Adýyaman,Çelikhan,142,Adýyaman Çelikhan,2,1246
Adýyaman,Gerger,67,Adýyaman Gerger,2,1347
Adýyaman,Gölbaþý,504,Adýyaman Gölbaþý,2,1354
Adýyaman,Kahta,1330,Adýyaman Kahta,2,1425
Adýyaman,Merkez,2850,Adýyaman Merkez,2,1105
Adýyaman,Samsat,27,Adýyaman Samsat,2,1592
Adýyaman,Sincik,61,Adýyaman Sincik,2,1985
Adýyaman,Tut,207,Adýyaman Tut,2,1989
Afyonkarahisar,Baþmakçý,424,Afyonkarahisar Baþmakçý,3,1771
Afyonkarahisar,Bayat,100,Afyonkarahisar Bayat,3,1773
Afyonkarahisar,Bolvadin,1081,Afyonkarahisar Bolvadin,3,1200
Afyonkarahisar,Çay,946,Afyonkarahisar Çay,3,1239
Afyonkarahisar,Çobanlar,189,Afyonkarahisar Çobanlar,3,1906
Afyonkarahisar,Dazkýrý,346,Afyonkarahisar Dazkýrý,3,1267
Afyonkarahisar,Dinar,1135,Afyonkarahisar Dinar,3,1281
Afyonkarahisar,Emirdað,585,Afyonkarahisar Emirdað,3,1306
Afyonkarahisar,Evciler,171,Afyonkarahisar Evciler,3,1923
Afyonkarahisar,Hocalar,125,Afyonkarahisar Hocalar,3,1944
Afyonkarahisar,Ýhsaniye,381,Afyonkarahisar Ýhsaniye,3,1404
Afyonkarahisar,Ýscehisar,251,Afyonkarahisar Ýscehisar,3,1809
Afyonkarahisar,Kýzýlören,58,Afyonkarahisar Kýzýlören,3,1961
Afyonkarahisar,Merkez,5659,Afyonkarahisar Merkez,3,1108
Afyonkarahisar,Sandýklý,1306,Afyonkarahisar Sandýklý,3,1594
Afyonkarahisar,Sinanpaþa,535,Afyonkarahisar Sinanpaþa,3,1626
Afyonkarahisar,Sultandaðý,279,Afyonkarahisar Sultandaðý,3,1639
Afyonkarahisar,Þuhut,729,Afyonkarahisar Þuhut,3,1664
Aðrý,Diyadin,295,Aðrý Diyadin,4,1283
Aðrý,Doðubayazýt,1040,Aðrý Doðubayazýt,4,1287
Aðrý,Eleþkirt,277,Aðrý Eleþkirt,4,1301
Aðrý,Hamur,52,Aðrý Hamur,4,1379
Aðrý,Merkez,1700,Aðrý Merkez,4,1111
Aðrý,Patnos,776,Aðrý Patnos,4,1568
Aðrý,Taþlýçay,278,Aðrý Taþlýçay,4,1667
Aðrý,Tutak,279,Aðrý Tutak,4,1691
Aksaray,Aðaçören,31,Aksaray Aðaçören,68,1860
Aksaray,Eskil,290,Aksaray Eskil,68,1921
Aksaray,Gülaðaç,132,Aksaray Gülaðaç,68,1932
Aksaray,Güzelyurt,123,Aksaray Güzelyurt,68,1861
Aksaray,Merkez,2359,Aksaray Merkez,68,1120
Aksaray,Ortaköy,512,Aksaray Ortaköy,68,1557
Aksaray,Sarýyahþi,33,Aksaray Sarýyahþi,68,1866
Aksaray,Sultanhaný,307,Aksaray Sultanhaný,68,2106
Amasya,Göynücek,117,Amasya Göynücek,5,1363
Amasya,Gümüþhacýköy,545,Amasya Gümüþhacýköy,5,1368
Amasya,Hamamözü,65,Amasya Hamamözü,5,1938
Amasya,Merkez,2979,Amasya Merkez,5,1134
Amasya,Merzifon,1716,Amasya Merzifon,5,1524
Amasya,Suluova,697,Amasya Suluova,5,1641
Amasya,Taþova,573,Amasya Taþova,5,1668
Ankara,Akyurt,1096,Ankara Akyurt,6,1872
Ankara,Altýndað,9638,Ankara Altýndað,6,1130
Ankara,Ayaþ,642,Ankara Ayaþ,6,1157
Ankara,Bala,391,Ankara Bala,6,1167
Ankara,Beypazarý,1806,Ankara Beypazarý,6,1187
Ankara,Çamlýdere,179,Ankara Çamlýdere,6,1227
Ankara,Çankaya,29287,Ankara Çankaya,6,1231
Ankara,Çubuk,2281,Ankara Çubuk,6,1260
Ankara,Elmadað,1216,Ankara Elmadað,6,1302
Ankara,Etimesgut,10121,Ankara Etimesgut,6,1922
Ankara,Evren,59,Ankara Evren,6,1924
Ankara,Gölbaþý,3772,Ankara Gölbaþý,6,1744
Ankara,Güdül,293,Ankara Güdül,6,1365
Ankara,Haymana,517,Ankara Haymana,6,1387
Ankara,Kahramankazan,2939,Ankara Kahramankazan,6,1815
Ankara,Kalecik,418,Ankara Kalecik,6,1427
Ankara,Keçiören,12605,Ankara Keçiören,6,1745
Ankara,Kýzýlcahamam,800,Ankara Kýzýlcahamam,6,1473
Ankara,Mamak,8620,Ankara Mamak,6,1746
Ankara,Nallýhan,808,Ankara Nallýhan,6,1539
Ankara,Polatlý,3269,Ankara Polatlý,6,1578
Ankara,Pursaklar,2706,Ankara Pursaklar,6,2034
Ankara,Sincan,7957,Ankara Sincan,6,1747
Ankara,Þereflikoçhisar,840,Ankara Þereflikoçhisar,6,1658
Ankara,Yenimahalle,15474,Ankara Yenimahalle,6,1723
Antalya,Akseki,155,Antalya Akseki,7,1121
Antalya,Aksu,1107,Antalya Aksu,7,2035
Antalya,Alanya,7058,Antalya Alanya,7,1126
Antalya,Demre,1299,Antalya Demre,7,1811
Antalya,Döþemealtý,1509,Antalya Döþemealtý,7,2036
Antalya,Elmalý,1000,Antalya Elmalý,7,1303
Antalya,Finike,1294,Antalya Finike,7,1333
Antalya,Gazipaþa,2004,Antalya Gazipaþa,7,1337
Antalya,Gündoðmuþ,57,Antalya Gündoðmuþ,7,1370
Antalya,Ýbradý,56,Antalya Ýbradý,7,1946
Antalya,Kaþ,1842,Antalya Kaþ,7,1451
Antalya,Kemer,1703,Antalya Kemer,7,1959
Antalya,Kepez,7086,Antalya Kepez,7,2037
Antalya,Konyaaltý,3497,Antalya Konyaaltý,7,2038
Antalya,Korkuteli,1374,Antalya Korkuteli,7,1483
Antalya,Kumluca,1686,Antalya Kumluca,7,1492
Antalya,Manavgat,5739,Antalya Manavgat,7,1512
Antalya,Muratpaþa,11104,Antalya Muratpaþa,7,2039
Antalya,Serik,2131,Antalya Serik,7,1616
Ardahan,Çýldýr,79,Ardahan Çýldýr,75,1252
Ardahan,Damal,106,Ardahan Damal,75,2008
Ardahan,Göle,318,Ardahan Göle,75,1356
Ardahan,Hanak,96,Ardahan Hanak,75,1380
Ardahan,Merkez,922,Ardahan Merkez,75,1144
Ardahan,Posof,135,Ardahan Posof,75,1579
Artvin,Ardanuç,146,Artvin Ardanuç,8,1145
Artvin,Arhavi,824,Artvin Arhavi,8,1147
Artvin,Borçka,272,Artvin Borçka,8,1202
Artvin,Hopa,514,Artvin Hopa,8,1395
Artvin,Kemalpaþa,316,Artvin Kemalpaþa,8,2105
Artvin,Merkez,744,Artvin Merkez,8,1152
Artvin,Murgul,71,Artvin Murgul,8,1828
Artvin,Þavþat,199,Artvin Þavþat,8,1653
Artvin,Yusufeli,357,Artvin Yusufeli,8,1736
Aydýn,Bozdoðan,718,Aydýn Bozdoðan,9,1206
Aydýn,Buharkent,306,Aydýn Buharkent,9,1781
Aydýn,Çine,1303,Aydýn Çine,9,1256
Aydýn,Didim,2099,Aydýn Didim,9,2000
Aydýn,Efeler,6460,Aydýn Efeler,9,2076
Aydýn,Germencik,1274,Aydýn Germencik,9,1348
Aydýn,Ýncirliova,861,Aydýn Ýncirliova,9,1807
Aydýn,Karacasu,329,Aydýn Karacasu,9,1435
Aydýn,Karpuzlu,245,Aydýn Karpuzlu,9,1957
Aydýn,Koçarlý,632,Aydýn Koçarlý,9,1479
Aydýn,Köþk,669,Aydýn Köþk,9,1968
Aydýn,Kuþadasý,3016,Aydýn Kuþadasý,9,1497
Aydýn,Kuyucak,518,Aydýn Kuyucak,9,1498
Aydýn,Nazilli,2901,Aydýn Nazilli,9,1542
Aydýn,Söke,2385,Aydýn Söke,9,1637
Aydýn,Sultanhisar,893,Aydýn Sultanhisar,9,1640
Aydýn,Yenipazar,271,Aydýn Yenipazar,9,1724
Balýkesir,Altýeylül,3126,Balýkesir Altýeylül,10,2077
Balýkesir,Ayvalýk,2935,Balýkesir Ayvalýk,10,1161
Balýkesir,Balya,307,Balýkesir Balya,10,1169
Balýkesir,Bandýrma,2716,Balýkesir Bandýrma,10,1171
Balýkesir,Bigadiç,830,Balýkesir Bigadiç,10,1191
Balýkesir,Burhaniye,1752,Balýkesir Burhaniye,10,1216
Balýkesir,Dursunbey,818,Balýkesir Dursunbey,10,1291
Balýkesir,Edremit,4236,Balýkesir Edremit,10,1294
Balýkesir,Erdek,1193,Balýkesir Erdek,10,1310
Balýkesir,Gömeç,672,Balýkesir Gömeç,10,1928
Balýkesir,Gönen,1933,Balýkesir Gönen,10,1360
Balýkesir,Havran,678,Balýkesir Havran,10,1384
Balýkesir,Ývrindi,827,Balýkesir Ývrindi,10,1418
Balýkesir,Karesi,3476,Balýkesir Karesi,10,2078
Balýkesir,Kepsut,654,Balýkesir Kepsut,10,1462
Balýkesir,Manyas,472,Balýkesir Manyas,10,1514
Balýkesir,Marmara,832,Balýkesir Marmara,10,1824
Balýkesir,Savaþtepe,248,Balýkesir Savaþtepe,10,1608
Balýkesir,Sýndýrgý,694,Balýkesir Sýndýrgý,10,1619
Balýkesir,Susurluk,838,Balýkesir Susurluk,10,1644
Bartýn,Amasra,425,Bartýn Amasra,74,1761
Bartýn,Kurucaþile,106,Bartýn Kurucaþile,74,1496
Bartýn,Merkez,3719,Bartýn Merkez,74,1172
Bartýn,Ulus,323,Bartýn Ulus,74,1701
Batman,Beþiri,142,Batman Beþiri,72,1184
Batman,Gercüþ,107,Batman Gercüþ,72,1345
Batman,Hasankeyf,30,Batman Hasankeyf,72,1941
Batman,Kozluk,409,Batman Kozluk,72,1487
Batman,Merkez,4642,Batman Merkez,72,1174
Batman,Sason,113,Batman Sason,72,1607
Bayburt,Aydýntepe,114,Bayburt Aydýntepe,69,1767
Bayburt,Demirözü,160,Bayburt Demirözü,69,1788
Bayburt,Merkez,1460,Bayburt Merkez,69,1176
Bilecik,Bozüyük,1164,Bilecik Bozüyük,11,1210
Bilecik,Gölpazarý,86,Bilecik Gölpazarý,11,1359
Bilecik,Ýnhisar,20,Bilecik Ýnhisar,11,1948
Bilecik,Merkez,1377,Bilecik Merkez,11,1192
Bilecik,Osmaneli,286,Bilecik Osmaneli,11,1559
Bilecik,Pazaryeri,226,Bilecik Pazaryeri,11,1571
Bilecik,Söðüt,221,Bilecik Söðüt,11,1636
Bilecik,Yenipazar,38,Bilecik Yenipazar,11,1857
Bingöl,Adaklý,23,Bingöl Adaklý,12,1750
Bingöl,Genç,173,Bingöl Genç,12,1344
Bingöl,Karlýova,136,Bingöl Karlýova,12,1446
Bingöl,Kiðý,56,Bingöl Kiðý,12,1475
Bingöl,Merkez,1845,Bingöl Merkez,12,1193
Bingöl,Solhan,247,Bingöl Solhan,12,1633
Bingöl,Yayladere,5,Bingöl Yayladere,12,1855
Bingöl,Yedisu,19,Bingöl Yedisu,12,1996
Bitlis,Adilcevaz,222,Bitlis Adilcevaz,13,1106
Bitlis,Ahlat,572,Bitlis Ahlat,13,1112
Bitlis,Güroymak,204,Bitlis Güroymak,13,1798
Bitlis,Hizan,362,Bitlis Hizan,13,1394
Bitlis,Merkez,763,Bitlis Merkez,13,1196
Bitlis,Mutki,48,Bitlis Mutki,13,1537
Bitlis,Tatvan,912,Bitlis Tatvan,13,1669
Bolu,Dörtdivan,163,Bolu Dörtdivan,14,1916
Bolu,Gerede,660,Bolu Gerede,14,1346
Bolu,Göynük,303,Bolu Göynük,14,1364
Bolu,Kýbrýscýk,71,Bolu Kýbrýscýk,14,1466
Bolu,Mengen,221,Bolu Mengen,14,1522
Bolu,Merkez,4744,Bolu Merkez,14,1199
Bolu,Mudurnu,492,Bolu Mudurnu,14,1531
Bolu,Seben,94,Bolu Seben,14,1610
Bolu,Yeniçaða,124,Bolu Yeniçaða,14,1997
Burdur,Aðlasun,160,Burdur Aðlasun,15,1109
Burdur,Altýnyayla,90,Burdur Altýnyayla,15,1874
Burdur,Bucak,988,Burdur Bucak,15,1211
Burdur,Çavdýr,868,Burdur Çavdýr,15,1899
Burdur,Çeltikçi,69,Burdur Çeltikçi,15,1903
Edirne,Enez,277,Edirne Enez,22,1307
Burdur,Gölhisar,609,Burdur Gölhisar,15,1357
Burdur,Karamanlý,85,Burdur Karamanlý,15,1813
Burdur,Kemer,58,Burdur Kemer,15,1816
Burdur,Merkez,1884,Burdur Merkez,15,1215
Burdur,Tefenni,145,Burdur Tefenni,15,1672
Burdur,Yeþilova,354,Burdur Yeþilova,15,1728
Bursa,Büyükorhan,216,Bursa Büyükorhan,16,1783
Bursa,Gemlik,2864,Bursa Gemlik,16,1343
Bursa,Gürsu,1012,Bursa Gürsu,16,1935
Bursa,Harmancýk,114,Bursa Harmancýk,16,1799
Bursa,Ýnegöl,4524,Bursa Ýnegöl,16,1411
Bursa,Ýznik,1559,Bursa Ýznik,16,1420
Bursa,Karacabey,1844,Bursa Karacabey,16,1434
Bursa,Keles,250,Bursa Keles,16,1457
Bursa,Kestel,1610,Bursa Kestel,16,1960
Bursa,Mudanya,2491,Bursa Mudanya,16,1530
Bursa,Mustafakemalpaþa,2760,Bursa Mustafakemalpaþa,16,1535
Bursa,Nilüfer,9809,Bursa Nilüfer,16,1829
Bursa,Orhaneli,376,Bursa Orhaneli,16,1553
Bursa,Orhangazi,2161,Bursa Orhangazi,16,1554
Bursa,Osmangazi,16425,Bursa Osmangazi,16,1832
Bursa,Yeniþehir,1444,Bursa Yeniþehir,16,1725
Bursa,Yýldýrým,8276,Bursa Yýldýrým,16,1859
Çanakkale,Ayvacýk,1244,Çanakkale Ayvacýk,17,1160
Çanakkale,Bayramiç,933,Çanakkale Bayramiç,17,1180
Çanakkale,Biga,1881,Çanakkale Biga,17,1190
Çanakkale,Bozcaada,285,Çanakkale Bozcaada,17,1205
Çanakkale,Çan,545,Çanakkale Çan,17,1229
Çanakkale,Eceabat,391,Çanakkale Eceabat,17,1293
Çanakkale,Ezine,824,Çanakkale Ezine,17,1326
Çanakkale,Gelibolu,1017,Çanakkale Gelibolu,17,1340
Çanakkale,Gökçeada,697,Çanakkale Gökçeada,17,1408
Çanakkale,Lapseki,579,Çanakkale Lapseki,17,1503
Çanakkale,Merkez,4563,Çanakkale Merkez,17,1230
Çanakkale,Yenice,755,Çanakkale Yenice,17,1722
Çankýrý,Atkaracalar,48,Çankýrý Atkaracalar,18,1765
Çankýrý,Bayramören,10,Çankýrý Bayramören,18,1885
Çankýrý,Çerkeþ,209,Çankýrý Çerkeþ,18,1248
Çankýrý,Eldivan,62,Çankýrý Eldivan,18,1300
Çankýrý,Ilgaz,173,Çankýrý Ilgaz,18,1399
Çankýrý,Kýzýlýrmak,96,Çankýrý Kýzýlýrmak,18,1817
Çankýrý,Korgun,40,Çankýrý Korgun,18,1963
Çankýrý,Kurþunlu,122,Çankýrý Kurþunlu,18,1494
Çankýrý,Merkez,1339,Çankýrý Merkez,18,1232
Çankýrý,Orta,107,Çankýrý Orta,18,1555
Çankýrý,Þabanözü,142,Çankýrý Þabanözü,18,1649
Çankýrý,Yapraklý,37,Çankýrý Yapraklý,18,1718
Çorum,Alaca,360,Çorum Alaca,19,1124
Çorum,Bayat,185,Çorum Bayat,19,1177
Çorum,Boðazkale,71,Çorum Boðazkale,19,1778
Çorum,Dodurga,69,Çorum Dodurga,19,1911
Çorum,Ýskilip,333,Çorum Ýskilip,19,1414
Çorum,Kargý,293,Çorum Kargý,19,1445
Çorum,Laçin,36,Çorum Laçin,19,1972
Çorum,Mecitözü,138,Çorum Mecitözü,19,1520
Çorum,Merkez,4772,Çorum Merkez,19,1259
Çorum,Oðuzlar,62,Çorum Oðuzlar,19,1976
Çorum,Ortaköy,42,Çorum Ortaköy,19,1556
Çorum,Osmancýk,732,Çorum Osmancýk,19,1558
Çorum,Sungurlu,478,Çorum Sungurlu,19,1642
Çorum,Uðurludað,44,Çorum Uðurludað,19,1850
Denizli,Acýpayam,1345,Denizli Acýpayam,20,1102
Denizli,Babadað,210,Denizli Babadað,20,1769
Denizli,Baklan,110,Denizli Baklan,20,1881
Denizli,Bekilli,130,Denizli Bekilli,20,1774
Denizli,Beyaðaç,69,Denizli Beyaðaç,20,1888
Denizli,Bozkurt,275,Denizli Bozkurt,20,1889
Denizli,Buldan,427,Denizli Buldan,20,1214
Denizli,Çal,417,Denizli Çal,20,1224
Denizli,Çameli,414,Denizli Çameli,20,1226
Denizli,Çardak,137,Denizli Çardak,20,1233
Denizli,Çivril,1383,Denizli Çivril,20,1257
Denizli,Güney,100,Denizli Güney,20,1371
Denizli,Honaz,810,Denizli Honaz,20,1803
Denizli,Kale,449,Denizli Kale,20,1426
Denizli,Merkezefendi,5714,Denizli Merkezefendi,20,2079
Denizli,Pamukkale,6506,Denizli Pamukkale,20,1871
Denizli,Sarayköy,748,Denizli Sarayköy,20,1597
Denizli,Serinhisar,910,Denizli Serinhisar,20,1840
Denizli,Tavas,943,Denizli Tavas,20,1670
Diyarbakýr,Baðlar,4415,Diyarbakýr Baðlar,21,2040
Diyarbakýr,Bismil,1348,Diyarbakýr Bismil,21,1195
Diyarbakýr,Çermik,567,Diyarbakýr Çermik,21,1249
Diyarbakýr,Çýnar,330,Diyarbakýr Çýnar,21,1253
Diyarbakýr,Çüngüþ,107,Diyarbakýr Çüngüþ,21,1263
Diyarbakýr,Dicle,232,Diyarbakýr Dicle,21,1278
Diyarbakýr,Eðil,147,Diyarbakýr Eðil,21,1791
Diyarbakýr,Ergani,1282,Diyarbakýr Ergani,21,1315
Diyarbakýr,Hani,240,Diyarbakýr Hani,21,1381
Diyarbakýr,Hazro,107,Diyarbakýr Hazro,21,1389
Diyarbakýr,Kayapýnar,3807,Diyarbakýr Kayapýnar,21,2041
Diyarbakýr,Kocaköy,121,Diyarbakýr Kocaköy,21,1962
Diyarbakýr,Kulp,168,Diyarbakýr Kulp,21,1490
Diyarbakýr,Lice,176,Diyarbakýr Lice,21,1504
Diyarbakýr,Silvan,946,Diyarbakýr Silvan,21,1624
Diyarbakýr,Sur,1778,Diyarbakýr Sur,21,2042
Diyarbakýr,Yeniþehir,3331,Diyarbakýr Yeniþehir,21,2043
Düzce,Akçakoca,991,Düzce Akçakoca,81,1116
Düzce,Cumayeri,307,Düzce Cumayeri,81,1784
Düzce,Çilimli,396,Düzce Çilimli,81,1905
Düzce,Gölyaka,377,Düzce Gölyaka,81,1794
Düzce,Gümüþova,330,Düzce Gümüþova,81,2017
Düzce,Kaynaþlý,965,Düzce Kaynaþlý,81,2031
Düzce,Merkez,4743,Düzce Merkez,81,1292
Düzce,Yýðýlca,267,Düzce Yýðýlca,81,1730
Edirne,Havsa,415,Edirne Havsa,22,1385
Edirne,Ýpsala,277,Edirne Ýpsala,22,1412
Edirne,Keþan,2358,Edirne Keþan,22,1464
Edirne,Lalapaþa,168,Edirne Lalapaþa,22,1502
Edirne,Meriç,323,Edirne Meriç,22,1523
Edirne,Merkez,3574,Edirne Merkez,22,1295
Edirne,Süloðlu,181,Edirne Süloðlu,22,1988
Edirne,Uzunköprü,885,Edirne Uzunköprü,22,1705
Elazýð,Aðýn,65,Elazýð Aðýn,23,1110
Elazýð,Alacakaya,56,Elazýð Alacakaya,23,1873
Elazýð,Arýcak,71,Elazýð Arýcak,23,1762
Elazýð,Baskil,86,Elazýð Baskil,23,1173
Elazýð,Karakoçan,87,Elazýð Karakoçan,23,1438
Elazýð,Keban,347,Elazýð Keban,23,1455
Elazýð,Kovancýlar,313,Elazýð Kovancýlar,23,1820
Elazýð,Maden,160,Elazýð Maden,23,1506
Elazýð,Merkez,6130,Elazýð Merkez,23,1298
Elazýð,Palu,72,Elazýð Palu,23,1566
Elazýð,Sivrice,86,Elazýð Sivrice,23,1631
Erzincan,Çayýrlý,88,Erzincan Çayýrlý,24,1243
Erzincan,Ýliç,51,Erzincan Ýliç,24,1406
Erzincan,Kemah,67,Erzincan Kemah,24,1459
Erzincan,Kemaliye,96,Erzincan Kemaliye,24,1460
Erzincan,Merkez,3129,Erzincan Merkez,24,1318
Erzincan,Otlukbeli,23,Erzincan Otlukbeli,24,1977
Erzincan,Refahiye,74,Erzincan Refahiye,24,1583
Erzincan,Tercan,71,Erzincan Tercan,24,1675
Erzincan,Üzümlü,122,Erzincan Üzümlü,24,1853
Erzurum,Aþkale,535,Erzurum Aþkale,25,1153
Erzurum,Aziziye,1635,Erzurum Aziziye,25,1945
Erzurum,Çat,265,Erzurum Çat,25,1235
Erzurum,Hýnýs,696,Erzurum Hýnýs,25,1392
Erzurum,Horasan,866,Erzurum Horasan,25,1396
Erzurum,Ýspir,711,Erzurum Ýspir,25,1416
Erzurum,Karaçoban,281,Erzurum Karaçoban,25,1812
Erzurum,Karayazý,342,Erzurum Karayazý,25,1444
Erzurum,Köprüköy,161,Erzurum Köprüköy,25,1967
Erzurum,Narman,303,Erzurum Narman,25,1540
Erzurum,Oltu,845,Erzurum Oltu,25,1550
Erzurum,Olur,98,Erzurum Olur,25,1551
Erzurum,Palandöken,2999,Erzurum Palandöken,25,2044
Erzurum,Pasinler,552,Erzurum Pasinler,25,1567
Erzurum,Pazaryolu,190,Erzurum Pazaryolu,25,1865
Erzurum,Þenkaya,423,Erzurum Þenkaya,25,1657
Erzurum,Tekman,322,Erzurum Tekman,25,1674
Erzurum,Tortum,644,Erzurum Tortum,25,1683
Erzurum,Uzundere,229,Erzurum Uzundere,25,1851
Erzurum,Yakutiye,5821,Erzurum Yakutiye,25,2045
Eskiþehir,Alpu,147,Eskiþehir Alpu,26,1759
Eskiþehir,Beylikova,108,Eskiþehir Beylikova,26,1777
Eskiþehir,Çifteler,182,Eskiþehir Çifteler,26,1255
Eskiþehir,Günyüzü,39,Eskiþehir Günyüzü,26,1934
Eskiþehir,Han,19,Eskiþehir Han,26,1939
Eskiþehir,Ýnönü,103,Eskiþehir Ýnönü,26,1808
Eskiþehir,Mahmudiye,108,Eskiþehir Mahmudiye,26,1508
Eskiþehir,Mihalgazi,36,Eskiþehir Mihalgazi,26,1973
Eskiþehir,Mihalýççýk,108,Eskiþehir Mihalýççýk,26,1527
Eskiþehir,Odunpazarý,4517,Eskiþehir Odunpazarý,26,2046
Eskiþehir,Sarýcakaya,55,Eskiþehir Sarýcakaya,26,1599
Eskiþehir,Seyitgazi,137,Eskiþehir Seyitgazi,26,1618
Eskiþehir,Sivrihisar,312,Eskiþehir Sivrihisar,26,1632
Eskiþehir,Tepebaþý,4228,Eskiþehir Tepebaþý,26,2047
Gaziantep,Araban,248,Gaziantep Araban,27,1139
Gaziantep,Ýslahiye,778,Gaziantep Ýslahiye,27,1415
Gaziantep,Karkamýþ,223,Gaziantep Karkamýþ,27,1956
Gaziantep,Nizip,3085,Gaziantep Nizip,27,1546
Gaziantep,Nurdaðý,299,Gaziantep Nurdaðý,27,1974
Gaziantep,Oðuzeli,770,Gaziantep Oðuzeli,27,1549
Gaziantep,Þahinbey,9281,Gaziantep Þahinbey,27,1841
Gaziantep,Þehitkamil,12191,Gaziantep Þehitkamil,27,1844
Gaziantep,Yavuzeli,168,Gaziantep Yavuzeli,27,1720
Giresun,Alucra,116,Giresun Alucra,28,1133
Giresun,Bulancak,739,Giresun Bulancak,28,1212
Giresun,Çamoluk,8,Giresun Çamoluk,28,1893
Giresun,Çanakçý,130,Giresun Çanakçý,28,1894
Giresun,Dereli,527,Giresun Dereli,28,1272
Giresun,Doðankent,22,Giresun Doðankent,28,1912
Giresun,Espiye,249,Giresun Espiye,28,1320
Giresun,Eynesil,244,Giresun Eynesil,28,1324
Giresun,Görele,583,Giresun Görele,28,1361
Giresun,Güce,121,Giresun Güce,28,1930
Giresun,Keþap,370,Giresun Keþap,28,1465
Giresun,Merkez,2172,Giresun Merkez,28,1352
Giresun,Piraziz,266,Giresun Piraziz,28,1837
Giresun,Þebinkarahisar,357,Giresun Þebinkarahisar,28,1654
Giresun,Tirebolu,766,Giresun Tirebolu,28,1678
Giresun,Yaðlýdere,152,Giresun Yaðlýdere,28,1854
Gümüþhane,Kelkit,505,Gümüþhane Kelkit,29,1458
Gümüþhane,Köse,89,Gümüþhane Köse,29,1822
Gümüþhane,Kürtün,137,Gümüþhane Kürtün,29,1971
Gümüþhane,Merkez,774,Gümüþhane Merkez,29,1369
Gümüþhane,Þiran,268,Gümüþhane Þiran,29,1660
Gümüþhane,Torul,260,Gümüþhane Torul,29,1684
Hakkari,Çukurca,172,Hakkari Çukurca,30,1261
Hakkari,Derecik,78,Hakkari Derecik,30,2107
Hakkari,Merkez,1154,Hakkari Merkez,30,1377
Hakkari,Þemdinli,473,Hakkari Þemdinli,30,1656
Hakkari,Yüksekova,652,Hakkari Yüksekova,30,1737
Hatay,Altýnözü,541,Hatay Altýnözü,31,1131
Hatay,Antakya,2217,Hatay Antakya,31,2080
Hatay,Arsuz,2151,Hatay Arsuz,31,2081
Hatay,Belen,546,Hatay Belen,31,1887
Hatay,Defne,1421,Hatay Defne,31,2082
Hatay,Dörtyol,2420,Hatay Dörtyol,31,1289
Hatay,Erzin,612,Hatay Erzin,31,1792
Hatay,Hassa,397,Hatay Hassa,31,1382
Hatay,Ýskenderun,2748,Hatay Ýskenderun,31,1413
Hatay,Kýrýkhan,669,Hatay Kýrýkhan,31,1468
Hatay,Kumlu,68,Hatay Kumlu,31,1970
Hatay,Payas,479,Hatay Payas,31,2083
Hatay,Reyhanlý,920,Hatay Reyhanlý,31,1585
Hatay,Samandað,1897,Hatay Samandað,31,1591
Hatay,Yayladaðý,613,Hatay Yayladaðý,31,1721
Iðdýr,Aralýk,86,Iðdýr Aralýk,76,1142
#YOK
Iðdýr,Karakoyunlu,57,Iðdýr Karakoyunlu,76,2011
Iðdýr,Merkez,1966,Iðdýr Merkez,76,1398
Iðdýr,Tuzluca,154,Iðdýr Tuzluca,76,1692
Isparta,Aksu,107,Isparta Aksu,32,1755
Isparta,Atabey,81,Isparta Atabey,32,1154
Isparta,Eðirdir,1010,Isparta Eðirdir,32,1297
Isparta,Gelendost,286,Isparta Gelendost,32,1341
Isparta,Gönen,290,Isparta Gönen,32,1929
Isparta,Keçiborlu,399,Isparta Keçiborlu,32,1456
Isparta,Merkez,5122,Isparta Merkez,32,1401
Isparta,Senirkent,252,Isparta Senirkent,32,1615
Isparta,Sütçüler,130,Isparta Sütçüler,32,1648
Isparta,Þarkikaraaðaç,433,Isparta Þarkikaraaðaç,32,1651
Isparta,Uluborlu,150,Isparta Uluborlu,32,1699
Isparta,Yalvaç,829,Isparta Yalvaç,32,1717
Isparta,Yeniþarbademli,17,Isparta Yeniþarbademli,32,2001
Ýstanbul,Adalar,1055,Ýstanbul Adalar,34,1103
Ýstanbul,Arnavutköy,2614,Ýstanbul Arnavutköy,34,2048
Ýstanbul,Ataþehir,7002,Ýstanbul Ataþehir,34,2049
Ýstanbul,Avcýlar,5951,Ýstanbul Avcýlar,34,2003
Ýstanbul,Baðcýlar,11596,Ýstanbul Baðcýlar,34,2004
Ýstanbul,Bahçelievler,8618,Ýstanbul Bahçelievler,34,2005
Ýstanbul,Bakýrköy,5992,Ýstanbul Bakýrköy,34,1166
Ýstanbul,Baþakþehir,8568,Ýstanbul Baþakþehir,34,2050
Ýstanbul,Bayrampaþa,6098,Ýstanbul Bayrampaþa,34,1886
Ýstanbul,Beþiktaþ,5934,Ýstanbul Beþiktaþ,34,1183
Ýstanbul,Beykoz,2963,Ýstanbul Beykoz,34,1185
Ýstanbul,Beylikdüzü,6276,Ýstanbul Beylikdüzü,34,2051
Ýstanbul,Beyoðlu,5504,Ýstanbul Beyoðlu,34,1186
Ýstanbul,Büyükçekmece,3227,Ýstanbul Büyükçekmece,34,1782
Ýstanbul,Çatalca,1738,Ýstanbul Çatalca,34,1237
Ýstanbul,Çekmeköy,2705,Ýstanbul Çekmeköy,34,2052
Ýstanbul,Esenler,3313,Ýstanbul Esenler,34,2016
Ýstanbul,Esenyurt,11357,Ýstanbul Esenyurt,34,2053
Ýstanbul,Eyüpsultan,6568,Ýstanbul Eyüpsultan,34,1325
Ýstanbul,Fatih,10242,Ýstanbul Fatih,34,1327
Ýstanbul,Gaziosmanpaþa,5634,Ýstanbul Gaziosmanpaþa,34,1336
Ýstanbul,Güngören,4150,Ýstanbul Güngören,34,2010
Ýstanbul,Kadýköy,10760,Ýstanbul Kadýköy,34,1421
Ýstanbul,Kaðýthane,6953,Ýstanbul Kaðýthane,34,1810
Ýstanbul,Kartal,6549,Ýstanbul Kartal,34,1449
Ýstanbul,Küçükçekmece,8872,Ýstanbul Küçükçekmece,34,1823
Ýstanbul,Maltepe,6719,Ýstanbul Maltepe,34,2012
Ýstanbul,Pendik,6338,Ýstanbul Pendik,34,1835
Ýstanbul,Sancaktepe,3979,Ýstanbul Sancaktepe,34,2054
Ýstanbul,Sarýyer,5658,Ýstanbul Sarýyer,34,1604
Ýstanbul,Silivri,2736,Ýstanbul Silivri,34,1622
Ýstanbul,Sultanbeyli,4300,Ýstanbul Sultanbeyli,34,2014
Ýstanbul,Sultangazi,5189,Ýstanbul Sultangazi,34,2055
Ýstanbul,Þile,1766,Ýstanbul Þile,34,1659
Ýstanbul,Þiþli,7046,Ýstanbul Þiþli,34,1663
Ýstanbul,Tuzla,3781,Ýstanbul Tuzla,34,2015
Ýstanbul,Ümraniye,8118,Ýstanbul Ümraniye,34,1852
Ýstanbul,Üsküdar,9782,Ýstanbul Üsküdar,34,1708
Ýstanbul,Zeytinburnu,5358,Ýstanbul Zeytinburnu,34,1739
Ýzmir,Aliaða,1997,Ýzmir Aliaða,35,1128
Ýzmir,Balçova,2430,Ýzmir Balçova,35,2006
Ýzmir,Bayýndýr,1377,Ýzmir Bayýndýr,35,1178
Ýzmir,Bayraklý,4778,Ýzmir Bayraklý,35,2056
Ýzmir,Bergama,2564,Ýzmir Bergama,35,1181
Ýzmir,Beydað,422,Ýzmir Beydað,35,1776
Ýzmir,Bornova,11208,Ýzmir Bornova,35,1203
Ýzmir,Buca,9411,Ýzmir Buca,35,1780
Ýzmir,Çeþme,2274,Ýzmir Çeþme,35,1251
Ýzmir,Çiðli,3749,Ýzmir Çiðli,35,2007
Ýzmir,Dikili,1876,Ýzmir Dikili,35,1280
Ýzmir,Foça,1356,Ýzmir Foça,35,1334
Ýzmir,Gaziemir,3072,Ýzmir Gaziemir,35,2009
Ýzmir,Güzelbahçe,1084,Ýzmir Güzelbahçe,35,2018
Ýzmir,Karabaðlar,7795,Ýzmir Karabaðlar,35,2057
Ýzmir,Karaburun,700,Ýzmir Karaburun,35,1432
Ýzmir,Karþýyaka,7286,Ýzmir Karþýyaka,35,1448
Ýzmir,Kemalpaþa,2481,Ýzmir Kemalpaþa,35,1461
Ýzmir,Kýnýk,663,Ýzmir Kýnýk,35,1467
Ýzmir,Kiraz,1095,Ýzmir Kiraz,35,1477
Ýzmir,Konak,12986,Ýzmir Konak,35,1819
Ýzmir,Menderes,2397,Ýzmir Menderes,35,1826
Ýzmir,Menemen,3629,Ýzmir Menemen,35,1521
Ýzmir,Narlýdere,1005,Ýzmir Narlýdere,35,2013
Ýzmir,Ödemiþ,3028,Ýzmir Ödemiþ,35,1563
Ýzmir,Seferihisar,2042,Ýzmir Seferihisar,35,1611
Ýzmir,Selçuk,1659,Ýzmir Selçuk,35,1612
Ýzmir,Tire,3059,Ýzmir Tire,35,1677
Ýzmir,Torbalý,3666,Ýzmir Torbalý,35,1682
Ýzmir,Urla,2865,Ýzmir Urla,35,1703
Kahramanmaraþ,Afþin,831,Kahramanmaraþ Afþin,46,1107
Kahramanmaraþ,Andýrýn,510,Kahramanmaraþ Andýrýn,46,1136
Kahramanmaraþ,Çaðlayancerit,196,Kahramanmaraþ Çaðlayancerit,46,1785
Kahramanmaraþ,Dulkadiroðlu,1843,Kahramanmaraþ Dulkadiroðlu,46,2084
Kahramanmaraþ,Ekinözü,67,Kahramanmaraþ Ekinözü,46,1919
Kahramanmaraþ,Elbistan,1007,Kahramanmaraþ Elbistan,46,1299
Kahramanmaraþ,Göksun,528,Kahramanmaraþ Göksun,46,1353
Kahramanmaraþ,Nurhak,106,Kahramanmaraþ Nurhak,46,1975
Kahramanmaraþ,Onikiþubat,3473,Kahramanmaraþ Onikiþubat,46,2085
Kahramanmaraþ,Pazarcýk,379,Kahramanmaraþ Pazarcýk,46,1570
Kahramanmaraþ,Türkoðlu,608,Kahramanmaraþ Türkoðlu,46,1694
Karabük,Eflani,107,Karabük Eflani,78,1296
Karabük,Eskipazar,175,Karabük Eskipazar,78,1321
Karabük,Merkez,2173,Karabük Merkez,78,1433
Karabük,Ovacýk,27,Karabük Ovacýk,78,1561
Karabük,Safranbolu,1709,Karabük Safranbolu,78,1587
Karabük,Yenice,306,Karabük Yenice,78,1856
Karaman,Ayrancý,98,Karaman Ayrancý,70,1768
Karaman,Baþyayla,45,Karaman Baþyayla,70,1884
Karaman,Ermenek,560,Karaman Ermenek,70,1316
Karaman,Kazýmkarabekir,68,Karaman Kazýmkarabekir,70,1862
Karaman,Merkez,4031,Karaman Merkez,70,1439
Karaman,Sarýveliler,176,Karaman Sarýveliler,70,1983
Kars,Akyaka,125,Kars Akyaka,36,1756
Kars,Arpaçay,230,Kars Arpaçay,36,1149
Kars,Digor,118,Kars Digor,36,1279
Kars,Kaðýzman,389,Kars Kaðýzman,36,1424
Kars,Merkez,2114,Kars Merkez,36,1447
Kars,Sarýkamýþ,353,Kars Sarýkamýþ,36,1601
Kars,Selim,103,Kars Selim,36,1614
Kars,Susuz,75,Kars Susuz,36,1645
Kastamonu,Abana,142,Kastamonu Abana,37,1101
Kastamonu,Aðlý,53,Kastamonu Aðlý,37,1867
Kastamonu,Araç,287,Kastamonu Araç,37,1140
Kastamonu,Azdavay,115,Kastamonu Azdavay,37,1162
Kastamonu,Bozkurt,141,Kastamonu Bozkurt,37,1208
Kastamonu,Cide,392,Kastamonu Cide,37,1221
Kastamonu,Çatalzeytin,178,Kastamonu Çatalzeytin,37,1238
Kastamonu,Daday,170,Kastamonu Daday,37,1264
Kastamonu,Devrekani,177,Kastamonu Devrekani,37,1277
Kastamonu,Doðanyurt,56,Kastamonu Doðanyurt,37,1915
Kastamonu,Hanönü,54,Kastamonu Hanönü,37,1940
Kastamonu,Ýhsangazi,99,Kastamonu Ýhsangazi,37,1805
Kastamonu,Ýnebolu,440,Kastamonu Ýnebolu,37,1410
Kastamonu,Küre,77,Kastamonu Küre,37,1499
Kastamonu,Merkez,2967,Kastamonu Merkez,37,1450
Kastamonu,Pýnarbaþý,95,Kastamonu Pýnarbaþý,37,1836
Kastamonu,Seydiler,114,Kastamonu Seydiler,37,1984
Kastamonu,Þenpazar,72,Kastamonu Þenpazar,37,1845
Kastamonu,Taþköprü,487,Kastamonu Taþköprü,37,1666
Kastamonu,Tosya,670,Kastamonu Tosya,37,1685
Kayseri,Akkýþla,40,Kayseri Akkýþla,38,1752
Kayseri,Bünyan,577,Kayseri Bünyan,38,1218
Kayseri,Develi,1075,Kayseri Develi,38,1275
Kayseri,Felahiye,137,Kayseri Felahiye,38,1330
Kayseri,Hacýlar,662,Kayseri Hacýlar,38,1936
Kayseri,Ýncesu,538,Kayseri Ýncesu,38,1409
Kayseri,Kocasinan,6452,Kayseri Kocasinan,38,1863
Kayseri,Melikgazi,7923,Kayseri Melikgazi,38,1864
Kayseri,Özvatan,57,Kayseri Özvatan,38,1978
Kayseri,Pýnarbaþý,363,Kayseri Pýnarbaþý,38,1576
Kayseri,Sarýoðlan,193,Kayseri Sarýoðlan,38,1603
Kayseri,Sarýz,186,Kayseri Sarýz,38,1605
Kayseri,Talas,2249,Kayseri Talas,38,1846
Kayseri,Tomarza,440,Kayseri Tomarza,38,1680
Kayseri,Yahyalý,741,Kayseri Yahyalý,38,1715
Kayseri,Yeþilhisar,374,Kayseri Yeþilhisar,38,1727
#YOK
Kýrýkkale,Balýþeyh,83,Kýrýkkale Balýþeyh,71,1882
Kýrýkkale,Çelebi,21,Kýrýkkale Çelebi,71,1901
Kýrýkkale,Delice,127,Kýrýkkale Delice,71,1268
Kýrýkkale,Karakeçili,54,Kýrýkkale Karakeçili,71,1954
Kýrýkkale,Keskin,206,Kýrýkkale Keskin,71,1463
Kýrýkkale,Merkez,2763,Kýrýkkale Merkez,71,1469
Kýrýkkale,Sulakyurt,63,Kýrýkkale Sulakyurt,71,1638
Kýrýkkale,Yahþihan,1132,Kýrýkkale Yahþihan,71,1992
Kýrklareli,Babaeski,1105,Kýrklareli Babaeski,39,1163
Kýrklareli,Demirköy,160,Kýrklareli Demirköy,39,1270
Kýrklareli,Kofçaz,53,Kýrklareli Kofçaz,39,1480
Kýrklareli,Lüleburgaz,3423,Kýrklareli Lüleburgaz,39,1505
Kýrklareli,Merkez,2693,Kýrklareli Merkez,39,1471
Kýrklareli,Pehlivanköy,80,Kýrklareli Pehlivanköy,39,1572
Kýrklareli,Pýnarhisar,334,Kýrklareli Pýnarhisar,39,1577
Kýrklareli,Vize,811,Kýrklareli Vize,39,1714
Kýrþehir,Akçakent,36,Kýrþehir Akçakent,40,1869
Kýrþehir,Akpýnar,65,Kýrþehir Akpýnar,40,1754
Kýrþehir,Boztepe,56,Kýrþehir Boztepe,40,1890
Kýrþehir,Çiçekdaðý,47,Kýrþehir Çiçekdaðý,40,1254
Kýrþehir,Kaman,501,Kýrþehir Kaman,40,1429
Kýrþehir,Merkez,2455,Kýrþehir Merkez,40,1472
Kýrþehir,Mucur,246,Kýrþehir Mucur,40,1529
Kilis,Elbeyli,29,Kilis Elbeyli,79,2023
Kilis,Merkez,1704,Kilis Merkez,79,1476
Kilis,Musabeyli,87,Kilis Musabeyli,79,2024
Kilis,Polateli,14,Kilis Polateli,79,2025
Kocaeli,Baþiskele,1507,Kocaeli Baþiskele,41,2058
Kocaeli,Çayýrova,1716,Kocaeli Çayýrova,41,2059
Kocaeli,Darýca,1792,Kocaeli Darýca,41,2060
Kocaeli,Derince,991,Kocaeli Derince,41,2030
Kocaeli,Dilovasý,962,Kocaeli Dilovasý,41,2061
Kocaeli,Gebze,3327,Kocaeli Gebze,41,1338
Kocaeli,Gölcük,1784,Kocaeli Gölcük,41,1355
Kocaeli,Ýzmit,5484,Kocaeli Ýzmit,41,2062
Kocaeli,Kandýra,951,Kocaeli Kandýra,41,1430
Kocaeli,Karamürsel,965,Kocaeli Karamürsel,41,1440
Kocaeli,Kartepe,1574,Kocaeli Kartepe,41,2063
Kocaeli,Körfez,1773,Kocaeli Körfez,41,1821
Konya,Ahýrlý,76,Konya Ahýrlý,42,1868
Konya,Akören,142,Konya Akören,42,1753
Konya,Akþehir,1841,Konya Akþehir,42,1122
Konya,Altýnekin,222,Konya Altýnekin,42,1760
Konya,Beyþehir,1257,Konya Beyþehir,42,1188
Konya,Bozkýr,560,Konya Bozkýr,42,1207
Konya,Cihanbeyli,988,Konya Cihanbeyli,42,1222
Konya,Çeltik,112,Konya Çeltik,42,1902
Konya,Çumra,928,Konya Çumra,42,1262
Konya,Derbent,60,Konya Derbent,42,1907
Konya,Derebucak,120,Konya Derebucak,42,1789
Konya,Doðanhisar,174,Konya Doðanhisar,42,1285
Konya,Emirgazi,66,Konya Emirgazi,42,1920
Konya,Ereðli,2773,Konya Ereðli,42,1312
Konya,Güneysýnýr,146,Konya Güneysýnýr,42,1933
Konya,Hadim,95,Konya Hadim,42,1375
Konya,Halkapýnar,84,Konya Halkapýnar,42,1937
Konya,Hüyük,340,Konya Hüyük,42,1804
Konya,Ilgýn,813,Konya Ilgýn,42,1400
Konya,Kadýnhaný,483,Konya Kadýnhaný,42,1422
Konya,Karapýnar,953,Konya Karapýnar,42,1441
Konya,Karatay,4967,Konya Karatay,42,1814
Konya,Kulu,1046,Konya Kulu,42,1491
Konya,Meram,4348,Konya Meram,42,1827
Konya,Sarayönü,454,Konya Sarayönü,42,1598
Konya,Selçuklu,7935,Konya Selçuklu,42,1839
Konya,Seydiþehir,1053,Konya Seydiþehir,42,1617
Konya,Taþkent,80,Konya Taþkent,42,1848
Konya,Tuzlukçu,134,Konya Tuzlukçu,42,1990
Konya,Yalýhüyük,24,Konya Yalýhüyük,42,1994
Konya,Yunak,270,Konya Yunak,42,1735
Kütahya,Altýntaþ,244,Kütahya Altýntaþ,43,1132
Kütahya,Aslanapa,147,Kütahya Aslanapa,43,1764
Kütahya,Çavdarhisar,95,Kütahya Çavdarhisar,43,1898
Kütahya,Domaniç,225,Kütahya Domaniç,43,1288
Kütahya,Dumlupýnar,34,Kütahya Dumlupýnar,43,1790
Kütahya,Emet,486,Kütahya Emet,43,1304
Kütahya,Gediz,833,Kütahya Gediz,43,1339
Kütahya,Hisarcýk,137,Kütahya Hisarcýk,43,1802
Kütahya,Merkez,4189,Kütahya Merkez,43,1500
Kütahya,Pazarlar,59,Kütahya Pazarlar,43,1979
Kütahya,Simav,858,Kütahya Simav,43,1625
Kütahya,Þaphane,138,Kütahya Þaphane,43,1843
Kütahya,Tavþanlý,2057,Kütahya Tavþanlý,43,1671
Malatya,Akçadað,577,Malatya Akçadað,44,1114
Malatya,Arapgir,186,Malatya Arapgir,44,1143
Malatya,Arguvan,125,Malatya Arguvan,44,1148
Malatya,Battalgazi,4254,Malatya Battalgazi,44,1772
Malatya,Darende,645,Malatya Darende,44,1265
Malatya,Doðanþehir,562,Malatya Doðanþehir,44,1286
Malatya,Doðanyol,112,Malatya Doðanyol,44,1914
Malatya,Hekimhan,337,Malatya Hekimhan,44,1390
Malatya,Kale,276,Malatya Kale,44,1953
Malatya,Kuluncak,125,Malatya Kuluncak,44,1969
Malatya,Pütürge,210,Malatya Pütürge,44,1582
Malatya,Yazýhan,228,Malatya Yazýhan,44,1995
Malatya,Yeþilyurt,4044,Malatya Yeþilyurt,44,1729
Manisa,Ahmetli,338,Manisa Ahmetli,45,1751
Manisa,Akhisar,4082,Manisa Akhisar,45,1118
Manisa,Alaþehir,1501,Manisa Alaþehir,45,1127
Manisa,Demirci,615,Manisa Demirci,45,1269
Manisa,Gölmarmara,398,Manisa Gölmarmara,45,1793
Manisa,Gördes,623,Manisa Gördes,45,1362
Manisa,Kýrkaðaç,830,Manisa Kýrkaðaç,45,1470
Manisa,Köprübaþý,206,Manisa Köprübaþý,45,1965
Manisa,Kula,995,Manisa Kula,45,1489
Manisa,Salihli,3272,Manisa Salihli,45,1590
Manisa,Sarýgöl,536,Manisa Sarýgöl,45,1600
Manisa,Saruhanlý,1165,Manisa Saruhanlý,45,1606
Manisa,Selendi,245,Manisa Selendi,45,1613
Manisa,Soma,1643,Manisa Soma,45,1634
Manisa,Þehzadeler,2604,Manisa Þehzadeler,45,2086
Manisa,Turgutlu,2525,Manisa Turgutlu,45,1689
Manisa,Yunusemre,3471,Manisa Yunusemre,45,2087
Mardin,Artuklu,2511,Mardin Artuklu,47,2088
Mardin,Dargeçit,180,Mardin Dargeçit,47,1787
Mardin,Derik,304,Mardin Derik,47,1273
Mardin,Kýzýltepe,1359,Mardin Kýzýltepe,47,1474
Mardin,Mazýdaðý,167,Mardin Mazýdaðý,47,1519
Mardin,Midyat,1199,Mardin Midyat,47,1526
Mardin,Nusaybin,696,Mardin Nusaybin,47,1547
Mardin,Ömerli,438,Mardin Ömerli,47,1564
Mardin,Savur,99,Mardin Savur,47,1609
Mardin,Yeþilli,68,Mardin Yeþilli,47,2002
Mersin,Akdeniz,4534,Mersin Akdeniz,33,2064
Mersin,Anamur,1168,Mersin Anamur,33,1135
Mersin,Aydýncýk,110,Mersin Aydýncýk,33,1766
Mersin,Bozyazý,528,Mersin Bozyazý,33,1779
Mersin,Çamlýyayla,305,Mersin Çamlýyayla,33,1892
Mersin,Erdemli,4284,Mersin Erdemli,33,1311
Mersin,Gülnar,293,Mersin Gülnar,33,1366
Mersin,Mezitli,3094,Mersin Mezitli,33,2065
Mersin,Mut,484,Mersin Mut,33,1536
Mersin,Silifke,2962,Mersin Silifke,33,1621
Mersin,Tarsus,3234,Mersin Tarsus,33,1665
Mersin,Toroslar,3142,Mersin Toroslar,33,2066
Mersin,Yeniþehir,3804,Mersin Yeniþehir,33,2067
Muðla,Bodrum,5755,Muðla Bodrum,48,1197
Muðla,Dalaman,693,Muðla Dalaman,48,1742
Muðla,Datça,902,Muðla Datça,48,1266
Muðla,Fethiye,6547,Muðla Fethiye,48,1331
Muðla,Kavaklýdere,168,Muðla Kavaklýdere,48,1958
Muðla,Köyceðiz,718,Muðla Köyceðiz,48,1488
Muðla,Marmaris,3015,Muðla Marmaris,48,1517
Muðla,Menteþe,2002,Muðla Menteþe,48,2089
Muðla,Milas,2463,Muðla Milas,48,1528
Muðla,Ortaca,1727,Muðla Ortaca,48,1831
Muðla,Seydikemer,773,Muðla Seydikemer,48,2090
Muðla,Ula,994,Muðla Ula,48,1695
Muðla,Yataðan,810,Muðla Yataðan,48,1719
Muþ,Bulanýk,359,Muþ Bulanýk,49,1213
Muþ,Hasköy,217,Muþ Hasköy,49,1801
Muþ,Korkut,225,Muþ Korkut,49,1964
Muþ,Malazgirt,389,Muþ Malazgirt,49,1510
Muþ,Merkez,1587,Muþ Merkez,49,1534
Muþ,Varto,481,Muþ Varto,49,1711
Nevþehir,Acýgöl,276,Nevþehir Acýgöl,50,1749
Nevþehir,Avanos,742,Nevþehir Avanos,50,1155
Nevþehir,Derinkuyu,249,Nevþehir Derinkuyu,50,1274
Nevþehir,Gülþehir,231,Nevþehir Gülþehir,50,1367
Nevþehir,Hacýbektaþ,99,Nevþehir Hacýbektaþ,50,1374
Nevþehir,Kozaklý,158,Nevþehir Kozaklý,50,1485
Nevþehir,Merkez,3470,Nevþehir Merkez,50,1543
Nevþehir,Ürgüp,1136,Nevþehir Ürgüp,50,1707
Niðde,Altunhisar,200,Niðde Altunhisar,51,1876
Niðde,Bor,662,Niðde Bor,51,1201
Niðde,Çamardý,142,Niðde Çamardý,51,1225
Niðde,Çiftlik,221,Niðde Çiftlik,51,1904
Niðde,Merkez,2956,Niðde Merkez,51,1544
Niðde,Ulukýþla,334,Niðde Ulukýþla,51,1700
Ordu,Akkuþ,342,Ordu Akkuþ,52,1119
Ordu,Altýnordu,4242,Ordu Altýnordu,52,2103
Ordu,Aybastý,417,Ordu Aybastý,52,1158
Ordu,Çamaþ,183,Ordu Çamaþ,52,1891
Ordu,Çatalpýnar,295,Ordu Çatalpýnar,52,1897
Ordu,Çaybaþý,171,Ordu Çaybaþý,52,1900
Ordu,Fatsa,1907,Ordu Fatsa,52,1328
Ordu,Gölköy,438,Ordu Gölköy,52,1358
Ordu,Gülyalý,139,Ordu Gülyalý,52,1795
Ordu,Gürgentepe,284,Ordu Gürgentepe,52,1797
Ordu,Ýkizce,165,Ordu Ýkizce,52,1947
Ordu,Kabadüz,157,Ordu Kabadüz,52,1950
Ordu,Kabataþ,205,Ordu Kabataþ,52,1951
Ordu,Korgan,434,Ordu Korgan,52,1482
Ordu,Kumru,371,Ordu Kumru,52,1493
Ordu,Mesudiye,153,Ordu Mesudiye,52,1525
Ordu,Perþembe,577,Ordu Perþembe,52,1573
Ordu,Ulubey,278,Ordu Ulubey,52,1696
Ordu,Ünye,2338,Ordu Ünye,52,1706
Osmaniye,Bahçe,494,Osmaniye Bahçe,80,1165
Osmaniye,Düziçi,1041,Osmaniye Düziçi,80,1743
Osmaniye,Hasanbeyli,48,Osmaniye Hasanbeyli,80,2027
Osmaniye,Kadirli,2198,Osmaniye Kadirli,80,1423
Osmaniye,Merkez,3798,Osmaniye Merkez,80,1560
Osmaniye,Sumbas,164,Osmaniye Sumbas,80,2028
Osmaniye,Toprakkale,487,Osmaniye Toprakkale,80,2029
Rize,Ardeþen,664,Rize Ardeþen,53,1146
Rize,Çamlýhemþin,224,Rize Çamlýhemþin,53,1228
Rize,Çayeli,567,Rize Çayeli,53,1241
Rize,Derepazarý,91,Rize Derepazarý,53,1908
Rize,Fýndýklý,223,Rize Fýndýklý,53,1332
Rize,Güneysu,142,Rize Güneysu,53,1796
Rize,Hemþin,28,Rize Hemþin,53,1943
Rize,Ýkizdere,45,Rize Ýkizdere,53,1405
Rize,Ýyidere,176,Rize Ýyidere,53,1949
Rize,Kalkandere,114,Rize Kalkandere,53,1428
Rize,Merkez,1735,Rize Merkez,53,1586
Rize,Pazar,350,Rize Pazar,53,1569
Sakarya,Adapazarý,4930,Sakarya Adapazarý,54,2068
Sakarya,Akyazý,1438,Sakarya Akyazý,54,1123
Sakarya,Arifiye,1189,Sakarya Arifiye,54,2069
Sakarya,Erenler,1928,Sakarya Erenler,54,2070
Sakarya,Ferizli,457,Sakarya Ferizli,54,1925
Sakarya,Geyve,747,Sakarya Geyve,54,1351
Sakarya,Hendek,1417,Sakarya Hendek,54,1391
Sakarya,Karapürçek,260,Sakarya Karapürçek,54,1955
Sakarya,Karasu,1538,Sakarya Karasu,54,1442
Sakarya,Kaynarca,453,Sakarya Kaynarca,54,1453
Sakarya,Kocaali,498,Sakarya Kocaali,54,1818
Sakarya,Pamukova,754,Sakarya Pamukova,54,1833
Sakarya,Sapanca,1015,Sakarya Sapanca,54,1595
Sakarya,Serdivan,2348,Sakarya Serdivan,54,2071
Sakarya,Söðütlü,346,Sakarya Söðütlü,54,1986
Sakarya,Taraklý,197,Sakarya Taraklý,54,1847
Samsun,45796,501,Samsun 19 Mayýs,55,1830
Samsun,Alaçam,444,Samsun Alaçam,55,1125
Samsun,Asarcýk,140,Samsun Asarcýk,55,1763
Samsun,Atakum,2924,Samsun Atakum,55,2072
Samsun,Ayvacýk,192,Samsun Ayvacýk,55,1879
Samsun,Bafra,2663,Samsun Bafra,55,1164
Samsun,Canik,1268,Samsun Canik,55,2073
Samsun,Çarþamba,1846,Samsun Çarþamba,55,1234
Samsun,Havza,518,Samsun Havza,55,1386
Samsun,Ýlkadým,5141,Samsun Ýlkadým,55,2074
Samsun,Kavak,567,Samsun Kavak,55,1452
Samsun,Ladik,284,Samsun Ladik,55,1501
Samsun,Salýpazarý,487,Samsun Salýpazarý,55,1838
Samsun,Tekkeköy,1230,Samsun Tekkeköy,55,1849
Samsun,Terme,1100,Samsun Terme,55,1676
Samsun,Vezirköprü,1302,Samsun Vezirköprü,55,1712
Samsun,Yakakent,417,Samsun Yakakent,55,1993
Siirt,Baykan,98,Siirt Baykan,56,1179
Siirt,Eruh,61,Siirt Eruh,56,1317
Siirt,Kurtalan,337,Siirt Kurtalan,56,1495
Siirt,Merkez,1869,Siirt Merkez,56,1620
Siirt,Pervari,80,Siirt Pervari,56,1575
Siirt,Þirvan,22,Siirt Þirvan,56,1662
Siirt,Tillo,16,Siirt Tillo,56,1878
Sinop,Ayancýk,291,Sinop Ayancýk,57,1156
Sinop,Boyabat,490,Sinop Boyabat,57,1204
Sinop,Dikmen,157,Sinop Dikmen,57,1910
Sinop,Duraðan,156,Sinop Duraðan,57,1290
Sinop,Erfelek,219,Sinop Erfelek,57,1314
Sinop,Gerze,440,Sinop Gerze,57,1349
Sinop,Merkez,1620,Sinop Merkez,57,1627
Sinop,Saraydüzü,43,Sinop Saraydüzü,57,1981
Sinop,Türkeli,208,Sinop Türkeli,57,1693
Sivas,Akýncýlar,56,Sivas Akýncýlar,58,1870
Sivas,Altýnyayla,132,Sivas Altýnyayla,58,1875
Sivas,Divriði,328,Sivas Divriði,58,1282
Sivas,Doðanþar,48,Sivas Doðanþar,58,1913
Sivas,Gemerek,310,Sivas Gemerek,58,1342
Sivas,Gölova,54,Sivas Gölova,58,1927
Sivas,Gürün,332,Sivas Gürün,58,1373
Sivas,Hafik,132,Sivas Hafik,58,1376
Sivas,Ýmranlý,176,Sivas Ýmranlý,58,1407
Sivas,Kangal,283,Sivas Kangal,58,1431
Sivas,Koyulhisar,160,Sivas Koyulhisar,58,1484
Sivas,Merkez,5467,Sivas Merkez,58,1628
Sivas,Suþehri,533,Sivas Suþehri,58,1646
Sivas,Þarkýþla,444,Sivas Þarkýþla,58,1650
Sivas,Ulaþ,131,Sivas Ulaþ,58,1991
Sivas,Yýldýzeli,366,Sivas Yýldýzeli,58,1731
Sivas,Zara,128,Sivas Zara,58,1738
Þanlýurfa,Akçakale,199,Þanlýurfa Akçakale,63,1115
Þanlýurfa,Birecik,1552,Þanlýurfa Birecik,63,1194
Þanlýurfa,Bozova,438,Þanlýurfa Bozova,63,1209
Þanlýurfa,Ceylanpýnar,1050,Þanlýurfa Ceylanpýnar,63,1220
Þanlýurfa,Eyyübiye,3787,Þanlýurfa Eyyübiye,63,2091
Þanlýurfa,Halfeti,404,Þanlýurfa Halfeti,63,1378
Þanlýurfa,Haliliye,4096,Þanlýurfa Haliliye,63,2092
Þanlýurfa,Harran,239,Þanlýurfa Harran,63,1800
Þanlýurfa,Hilvan,363,Þanlýurfa Hilvan,63,1393
Þanlýurfa,Karaköprü,2262,Þanlýurfa Karaköprü,63,2093
Þanlýurfa,Siverek,958,Þanlýurfa Siverek,63,1630
Þanlýurfa,Suruç,810,Þanlýurfa Suruç,63,1643
Þanlýurfa,Viranþehir,1102,Þanlýurfa Viranþehir,63,1713
Þýrnak,Beytüþþebap,115,Þýrnak Beytüþþebap,73,1189
Þýrnak,Cizre,968,Þýrnak Cizre,73,1223
Þýrnak,Güçlükonak,75,Þýrnak Güçlükonak,73,1931
Þýrnak,Ýdil,353,Þýrnak Ýdil,73,1403
Þýrnak,Merkez,1075,Þýrnak Merkez,73,1661
Þýrnak,Silopi,1348,Þýrnak Silopi,73,1623
Þýrnak,Uludere,266,Þýrnak Uludere,73,1698
Tekirdað,Çerkezköy,1715,Tekirdað Çerkezköy,59,1250
Tekirdað,Çorlu,3145,Tekirdað Çorlu,59,1258
Tekirdað,Ergene,1172,Tekirdað Ergene,59,2094
Tekirdað,Hayrabolu,891,Tekirdað Hayrabolu,59,1388
Tekirdað,Kapaklý,1233,Tekirdað Kapaklý,59,2095
Tekirdað,Malkara,1302,Tekirdað Malkara,59,1511
Tekirdað,Marmaraereðlisi,737,Tekirdað Marmaraereðlisi,59,1825
Tekirdað,Muratlý,397,Tekirdað Muratlý,59,1538
Tekirdað,Saray,631,Tekirdað Saray,59,1596
Tekirdað,Süleymanpaþa,2661,Tekirdað Süleymanpaþa,59,2096
Tekirdað,Þarköy,753,Tekirdað Þarköy,59,1652
Tokat,Almus,225,Tokat Almus,60,1129
Tokat,Artova,81,Tokat Artova,60,1151
Tokat,Baþçiftlik,47,Tokat Baþçiftlik,60,1883
Tokat,Erbaa,1496,Tokat Erbaa,60,1308
Tokat,Merkez,3147,Tokat Merkez,60,1679
Tokat,Niksar,1168,Tokat Niksar,60,1545
Tokat,Pazar,225,Tokat Pazar,60,1834
Tokat,Reþadiye,387,Tokat Reþadiye,60,1584
Tokat,Sulusaray,59,Tokat Sulusaray,60,1987
Tokat,Turhal,1263,Tokat Turhal,60,1690
Tokat,Yeþilyurt,148,Tokat Yeþilyurt,60,1858
Tokat,Zile,704,Tokat Zile,60,1740
Trabzon,Akçaabat,1426,Trabzon Akçaabat,61,1113
Trabzon,Araklý,599,Trabzon Araklý,61,1141
Trabzon,Arsin,584,Trabzon Arsin,61,1150
Trabzon,Beþikdüzü,422,Trabzon Beþikdüzü,61,1775
Trabzon,Çarþýbaþý,358,Trabzon Çarþýbaþý,61,1896
Trabzon,Çaykara,299,Trabzon Çaykara,61,1244
Trabzon,Dernekpazarý,60,Trabzon Dernekpazarý,61,1909
Trabzon,Düzköy,235,Trabzon Düzköy,61,1917
Trabzon,Hayrat,51,Trabzon Hayrat,61,1942
Trabzon,Köprübaþý,41,Trabzon Köprübaþý,61,1966
Trabzon,Maçka,470,Trabzon Maçka,61,1507
Trabzon,Of,377,Trabzon Of,61,1548
Trabzon,Ortahisar,3726,Trabzon Ortahisar,61,2097
Trabzon,Sürmene,453,Trabzon Sürmene,61,1647
Trabzon,Þalpazarý,202,Trabzon Þalpazarý,61,1842
Trabzon,Tonya,141,Trabzon Tonya,61,1681
Trabzon,Vakfýkebir,454,Trabzon Vakfýkebir,61,1709
Trabzon,Yomra,621,Trabzon Yomra,61,1732
Tunceli,Çemiþgezek,94,Tunceli Çemiþgezek,62,1247
Tunceli,Hozat,171,Tunceli Hozat,62,1397
Tunceli,Mazgirt,99,Tunceli Mazgirt,62,1518
Tunceli,Merkez,920,Tunceli Merkez,62,1688
Tunceli,Nazýmiye,45,Tunceli Nazýmiye,62,1541
Tunceli,Ovacýk,185,Tunceli Ovacýk,62,1562
Tunceli,Pertek,277,Tunceli Pertek,62,1574
Tunceli,Pülümür,63,Tunceli Pülümür,62,1581
Uþak,Banaz,615,Uþak Banaz,64,1170
Uþak,Eþme,805,Uþak Eþme,64,1323
Uþak,Karahallý,246,Uþak Karahallý,64,1436
Uþak,Merkez,4393,Uþak Merkez,64,1704
Uþak,Sivaslý,421,Uþak Sivaslý,64,1629
Uþak,Ulubey,283,Uþak Ulubey,64,1697
Van,Bahçesaray,11,Van Bahçesaray,65,1770
Van,Baþkale,79,Van Baþkale,65,1175
Van,Çaldýran,266,Van Çaldýran,65,1786
Van,Çatak,55,Van Çatak,65,1236
Van,Edremit,875,Van Edremit,65,1918
Van,Erciþ,1096,Van Erciþ,65,1309
Van,Gevaþ,181,Van Gevaþ,65,1350
Van,Gürpýnar,230,Van Gürpýnar,65,1372
Van,Ýpekyolu,4636,Van Ýpekyolu,65,2098
Van,Muradiye,190,Van Muradiye,65,1533
Van,Özalp,360,Van Özalp,65,1565
Van,Saray,97,Van Saray,65,1980
Van,Tuþba,1192,Van Tuþba,65,2099
Yalova,Altýnova,604,Yalova Altýnova,77,2019
Yalova,Armutlu,534,Yalova Armutlu,77,2020
Yalova,Çýnarcýk,1009,Yalova Çýnarcýk,77,2021
Yalova,Çiftlikköy,925,Yalova Çiftlikköy,77,2022
Yalova,Merkez,2781,Yalova Merkez,77,1716
Yalova,Termal,176,Yalova Termal,77,2026
Yozgat,Akdaðmadeni,572,Yozgat Akdaðmadeni,66,1117
Yozgat,Aydýncýk,76,Yozgat Aydýncýk,66,1877
Yozgat,Boðazlýyan,411,Yozgat Boðazlýyan,66,1198
Yozgat,Çandýr,89,Yozgat Çandýr,66,1895
Yozgat,Çayýralan,137,Yozgat Çayýralan,66,1242
Yozgat,Çekerek,209,Yozgat Çekerek,66,1245
Yozgat,Kadýþehri,130,Yozgat Kadýþehri,66,1952
Yozgat,Merkez,1993,Yozgat Merkez,66,1733
Yozgat,Saraykent,130,Yozgat Saraykent,66,1982
Yozgat,Sarýkaya,422,Yozgat Sarýkaya,66,1602
Yozgat,Sorgun,1344,Yozgat Sorgun,66,1635
Yozgat,Þefaatli,217,Yozgat Þefaatli,66,1655
Yozgat,Yenifakýlý,114,Yozgat Yenifakýlý,66,1998
Yozgat,Yerköy,688,Yozgat Yerköy,66,1726
Zonguldak,Alaplý,681,Zonguldak Alaplý,67,1758
Zonguldak,Çaycuma,1697,Zonguldak Çaycuma,67,1240
Zonguldak,Devrek,744,Zonguldak Devrek,67,1276
Zonguldak,Ereðli,2167,Zonguldak Ereðli,67,1313
Zonguldak,Gökçebey,435,Zonguldak Gökçebey,67,1926
Zonguldak,Kilimli,610,Zonguldak Kilimli,67,2100
Zonguldak,Kozlu,670,Zonguldak Kozlu,67,2101
Zonguldak,Merkez,1904,Zonguldak Merkez,67,1741
