"il_kod","ilce_kod","il_ilce","il_adi","ilce_adi","gida_muhendisi","gida_muhendisi_yas_ortalam","gida_muhendisi_verimi","ziraat_muhendisi","ziraat_muhendisi_yas_ortalam","ziraat_muhendisi_yas_verimi","veteriner_hekim","veteriner_hekim_yas_ortalam","veteriner_hekim_yas_verimi"
12,1475,Bingöl Kiðý,Bingöl,Kiðý,,"0","0","1,0","26,0","1,09","1","29","1,06"
12,1633,Bingöl Solhan,Bingöl,Solhan,,"0","0","4,0","37,7","0,97","5","34","1,01"
81,1794,Düzce Gölyaka,Düzce,Gölyaka,"1,0","28","1,07","5,0","40,6","0,94","4","39","0,96"
1,1757,Adana Aladað,Adana,Aladað,"1,0","52","0,83","7,0","39,4","0,95","3","35,6","0,99"
1,1219,Adana Ceyhan,Adana,Ceyhan,"4,0","33,7","1,01","21,0","41,4","0,93","12","42,9","0,92"
8,1736,Artvin Yusufeli,Artvin,Yusufeli,"1,0","33","1,02","4,0","41,7","0,93","6","33","1,02"
1,2033,Adana Çukurova,Adana,Çukurova,"10,0","39,5","0,95","13,0","47,9","0,87","10","47,5","0,87"
1,1329,Adana Feke,Adana,Feke,,"0","0","6,0","38,6","0,96","5","36,6","0,98"
1,1806,Adana Ýmamoðlu,Adana,Ýmamoðlu,"1,0","28","1,07","16,0","41,7","0,93","7","43,5","0,91"
1,1437,Adana Karaisalý,Adana,Karaisalý,"2,0","38","0,97","13,0","40,9","0,94","8","45,2","0,89"
1,1443,Adana Karataþ,Adana,Karataþ,"1,0","45","0,9","14,0","42,9","0,92","5","37","0,98"
1,1486,Adana Kozan,Adana,Kozan,"3,0","42,6","0,92","31,0","46,5","0,88","12","38,6","0,96"
1,1580,Adana Pozantý,Adana,Pozantý,"1,0","33","1,02","10,0","39,3","0,95","5","36,2","0,98"
1,1588,Adana Saimbeyli,Adana,Saimbeyli,,"0","0","3,0","36,3","0,98","4","37,7","0,97"
1,2032,Adana Sarýçam,Adana,Sarýçam,"5,0","37,4","0,97","21,0","43,0","0,91","14","40,0","0,94"
1,1104,Adana Seyhan,Adana,Seyhan,"11,0","36,4","0,98","28,0","45,2","0,89","18","41,2","0,93"
1,1687,Adana Tufanbeyli,Adana,Tufanbeyli,,"0","0","4,0","43,2","0,91","3","45,3","0,89"
1,1734,Adana Yumurtalýk,Adana,Yumurtalýk,"1,0","49","0,86","9,0","42,5","0,92","3","41","0,94"
1,1748,Adana Yüreðir,Adana,Yüreðir,"11,0","38,8","0,96","43,0","46,2","0,88","20","41,3","0,93"
2,1182,Adýyaman Besni,Adýyaman,Besni,"1,0","35","1","15,0","37,6","0,97","9","36,8","0,98"
2,1246,Adýyaman Çelikhan,Adýyaman,Çelikhan,,"0","0","7,0","48,7","0,86","5","36,6","0,98"
2,1347,Adýyaman Gerger,Adýyaman,Gerger,,"0","0","3,0","30,6","1,04","3","34,3","1,00"
2,1354,Adýyaman Gölbaþý,Adýyaman,Gölbaþý,"1,0","38","0,97","9,0","41,7","0,93","7","36","0,99"
2,1425,Adýyaman Kahta,Adýyaman,Kahta,"2,0","33,5","1,01","20,0","46,2","0,88","11","42,2","0,92"
2,1592,Adýyaman Samsat,Adýyaman,Samsat,,"0","0","6,0","32,1","1,02","3","32","1,03"
2,1985,Adýyaman Sincik,Adýyaman,Sincik,,"0","0","5,0","32,4","1,02","4","32,2","1,02"
2,1989,Adýyaman Tut,Adýyaman,Tut,,"0","0","6,0","31,3","1,03","3","37,6","0,97"
3,1771,Afyonkarahisar Baþmakçý,Afyonkarahisar,Baþmakçý,,"0","0","4,0","31,7","1,03","5","34","1,01"
3,1773,Afyonkarahisar Bayat,Afyonkarahisar,Bayat,,"0","0","2,0","36,0","0,99","4","39,2","0,95"
3,1200,Afyonkarahisar Bolvadin,Afyonkarahisar,Bolvadin,"2,0","39","0,96","8,0","32,7","1,02","9","38,6","0,96"
3,1239,Afyonkarahisar Çay,Afyonkarahisar,Çay,"2,0","32","1,03","8,0","41,8","0,93","8","40,3","0,94"
3,1906,Afyonkarahisar Çobanlar,Afyonkarahisar,Çobanlar,,"0","0","3,0","43,3","0,91","4","35","1"
3,1267,Afyonkarahisar Dazkýrý,Afyonkarahisar,Dazkýrý,,"0","0","6,0","41,0","0,94","5","34,8","1,00"
3,1281,Afyonkarahisar Dinar,Afyonkarahisar,Dinar,"1,0","40","0,95","10,0","45,7","0,89","8","41,8","0,93"
3,1306,Afyonkarahisar Emirdað,Afyonkarahisar,Emirdað,,"0","0","7,0","35,2","0,99","10","36,1","0,98"
3,1923,Afyonkarahisar Evciler,Afyonkarahisar,Evciler,,"0","0","4,0","34,2","1,00","4","31","1,04"
3,1944,Afyonkarahisar Hocalar,Afyonkarahisar,Hocalar,,"0","0","4,0","33,2","1,01","4","32,7","1,02"
3,1404,Afyonkarahisar Ýhsaniye,Afyonkarahisar,Ýhsaniye,,"0","0","5,0","38,6","0,96","6","35,8","0,99"
3,1809,Afyonkarahisar Ýscehisar,Afyonkarahisar,Ýscehisar,"1,0","28","1,07","4,0","37,0","0,98","4","40,2","0,94"
3,1961,Afyonkarahisar Kýzýlören,Afyonkarahisar,Kýzýlören,,"0","0","5,0","34,4","1,00","2","28,5","1,06"
3,1594,Afyonkarahisar Sandýklý,Afyonkarahisar,Sandýklý,"1,0","29","1,06","10,0","43,7","0,91","10","34","1,01"
3,1626,Afyonkarahisar Sinanpaþa,Afyonkarahisar,Sinanpaþa,"1,0","30","1,05","3,0","31,3","1,03","6","33,6","1,01"
3,1639,Afyonkarahisar Sultandaðý,Afyonkarahisar,Sultandaðý,,"0","0","5,0","35,4","0,99","7","36,8","0,98"
3,1664,Afyonkarahisar Þuhut,Afyonkarahisar,Þuhut,"1,0","33","1,02","6,0","39,6","0,95","10","38,2","0,96"
4,1283,Aðrý Diyadin,Aðrý,Diyadin,,"0","0","4,0","28,0","1,07","4","34","1,01"
4,1301,Aðrý Eleþkirt,Aðrý,Eleþkirt,,"0","0","7,0","32,8","1,02","7","28,5","1,06"
4,1379,Aðrý Hamur,Aðrý,Hamur,,"0","0","4,0","33,0","1,02","7","35,2","0,99"
4,1568,Aðrý Patnos,Aðrý,Patnos,,"0","0","9,0","31,6","1,03","11","32","1,03"
4,1667,Aðrý Taþlýçay,Aðrý,Taþlýçay,,"0","0","5,0","30,8","1,04","7","35,1","0,99"
4,1691,Aðrý Tutak,Aðrý,Tutak,"1,0","42","0,92","5,0","32,8","1,02","5","28,6","1,06"
68,1860,Aksaray Aðaçören,Aksaray,Aðaçören,,"0","0","2,0","34,0","1,01","3","31","1,04"
68,1921,Aksaray Eskil,Aksaray,Eskil,"1,0","33","1,02","7,0","34,1","1,00","7","34,8","1,00"
68,1932,Aksaray Gülaðaç,Aksaray,Gülaðaç,,"0","0","3,0","33,0","1,02","3","42","0,92"
68,1861,Aksaray Güzelyurt,Aksaray,Güzelyurt,,"0","0","4,0","40,7","0,94","3","37,6","0,97"
68,1557,Aksaray Ortaköy,Aksaray,Ortaköy,"1,0","37","0,98","7,0","41,1","0,93","6","41,1","0,93"
68,1866,Aksaray Sarýyahþi,Aksaray,Sarýyahþi,,"0","0","2,0","32,5","1,02","3","32","1,03"
68,2106,Aksaray Sultanhaný,Aksaray,Sultanhaný,"1,0","31","1,04","2,0","33,5","1,01","4","37,7","0,97"
5,1363,Amasya Göynücek,Amasya,Göynücek,,"0","0","5,0","33,8","1,01","4","36,5","0,98"
5,1368,Amasya Gümüþhacýköy,Amasya,Gümüþhacýköy,,"0","0","9,0","39,2","0,95","8","38,2","0,96"
5,1938,Amasya Hamamözü,Amasya,Hamamözü,,"0","0","4,0","36,7","0,98","3","34,6","1,00"
5,1524,Amasya Merzifon,Amasya,Merzifon,"3,0","35","1","24,0","46,7","0,88","13","44,8","0,90"
5,1641,Amasya Suluova,Amasya,Suluova,"1,0","43","0,92","14,0","43,1","0,91","10","40,3","0,94"
5,1668,Amasya Taþova,Amasya,Taþova,,"0","0","11,0","44,0","0,91","6","36,8","0,98"
6,1872,Ankara Akyurt,Ankara,Akyurt,"3,0","35","1","16,0","41,9","0,93","7","41,1","0,93"
6,1130,Ankara Altýndað,Ankara,Altýndað,"8,0","38,7","0,96","14,0","44,2","0,90","8","42,2","0,92"
6,1157,Ankara Ayaþ,Ankara,Ayaþ,"2,0","36,5","0,98","20,0","42,0","0,92","8","39","0,96"
6,1167,Ankara Bala,Ankara,Bala,"1,0","34","1,01","10,0","41,3","0,93","6","36,8","0,98"
6,1187,Ankara Beypazarý,Ankara,Beypazarý,"1,0","42","0,92","13,0","38,9","0,96","8","40,5","0,94"
6,1227,Ankara Çamlýdere,Ankara,Çamlýdere,,"0","0","7,0","42,5","0,92","4","35","1"
6,1231,Ankara Çankaya,Ankara,Çankaya,"21,0","41,8","0,93","30,0","45,7","0,89","14","43,8","0,91"
6,1260,Ankara Çubuk,Ankara,Çubuk,"3,0","41","0,94","16,0","42,3","0,92","14","45,2","0,89"
6,1302,Ankara Elmadað,Ankara,Elmadað,"3,0","39,6","0,95","8,0","36,7","0,98","5","41,2","0,93"
6,1922,Ankara Etimesgut,Ankara,Etimesgut,"11,0","41,6","0,93","20,0","46,1","0,88","11","44,2","0,90"
6,1924,Ankara Evren,Ankara,Evren,,"0","0","3,0","34,6","1,00","1","31","1,04"
6,1744,Ankara Gölbaþý,Ankara,Gölbaþý,"7,0","39,8","0,95","35,0","42,0","0,92","16","42,2","0,92"
6,1365,Ankara Güdül,Ankara,Güdül,,"0","0","7,0","43,4","0,91","4","42,2","0,92"
6,1387,Ankara Haymana,Ankara,Haymana,"3,0","31,6","1,03","14,0","36,3","0,98","13","41,6","0,93"
6,1815,Ankara Kahramankazan,Ankara,Kahramankazan,"4,0","38,2","0,96","21,0","40,8","0,94","8","40,8","0,94"
6,1427,Ankara Kalecik,Ankara,Kalecik,"1,0","34","1,01","9,0","40,3","0,94","4","41,2","0,93"
6,1745,Ankara Keçiören,Ankara,Keçiören,"15,0","39,8","0,95","18,0","44,6","0,90","9","36,5","0,98"
6,1473,Ankara Kýzýlcahamam,Ankara,Kýzýlcahamam,"1,0","33","1,02","6,0","39,1","0,95","6","40,5","0,94"
6,1746,Ankara Mamak,Ankara,Mamak,"7,0","37,1","0,97","14,0","43,3","0,91","8","37,7","0,97"
6,1539,Ankara Nallýhan,Ankara,Nallýhan,"1,0","36","0,99","7,0","39,7","0,95","7","35,5","0,99"
6,1578,Ankara Polatlý,Ankara,Polatlý,"2,0","37,5","0,97","24,0","43,1","0,91","13","43,7","0,91"
6,2034,Ankara Pursaklar,Ankara,Pursaklar,"4,0","35","1","17,0","40,8","0,94","4","37","0,98"
6,1747,Ankara Sincan,Ankara,Sincan,"7,0","39,5","0,95","25,0","44,4","0,90","17","44,5","0,90"
6,1658,Ankara Þereflikoçhisar,Ankara,Þereflikoçhisar,"1,0","26","1,09","7,0","39,5","0,95","6","35,3","0,99"
6,1723,Ankara Yenimahalle,Ankara,Yenimahalle,"21,0","38,3","0,96","25,0","45,1","0,89","13","44","0,91"
7,1121,Antalya Akseki,Antalya,Akseki,,"0","0","5,0","40,2","0,94","4","42,2","0,92"
7,2035,Antalya Aksu,Antalya,Aksu,"3,0","40","0,95","37,0","41,5","0,93","10","43,4","0,91"
7,1126,Antalya Alanya,Antalya,Alanya,"7,0","37","0,98","34,0","44,7","0,90","16","43,6","0,91"
7,1811,Antalya Demre,Antalya,Demre,"2,0","33","1,02","14,0","43,5","0,91","6","34,6","1,00"
7,2036,Antalya Döþemealtý,Antalya,Döþemealtý,"2,0","46","0,89","16,0","46,3","0,88","16","44,0","0,90"
7,1303,Antalya Elmalý,Antalya,Elmalý,"1,0","33","1,02","17,0","41,0","0,94","9","39","0,96"
7,1333,Antalya Finike,Antalya,Finike,"3,0","45,6","0,89","17,0","44,1","0,90","8","46,5","0,88"
7,1337,Antalya Gazipaþa,Antalya,Gazipaþa,"3,0","37,6","0,97","23,0","43,8","0,91","12","39,2","0,95"
7,1370,Antalya Gündoðmuþ,Antalya,Gündoðmuþ,"1,0","31","1,04","4,0","39,2","0,95","1","37","0,98"
7,1946,Antalya Ýbradý,Antalya,Ýbradý,,"0","0","4,0","34,0","1,01","3","38,6","0,96"
7,1451,Antalya Kaþ,Antalya,Kaþ,"2,0","34,5","1,00","15,0","44,0","0,91","10","36,9","0,98"
7,1959,Antalya Kemer,Antalya,Kemer,"4,0","35,5","0,99","9,0","43,1","0,91","6","41,8","0,93"
7,2037,Antalya Kepez,Antalya,Kepez,"9,0","39","0,96","37,0","42,1","0,92","12","47,6","0,87"
7,2038,Antalya Konyaaltý,Antalya,Konyaaltý,"7,0","40,2","0,94","15,0","43,8","0,91","8","43,8","0,91"
7,1483,Antalya Korkuteli,Antalya,Korkuteli,"2,0","32","1,03","24,0","41,1","0,93","16","38,1","0,96"
7,1492,Antalya Kumluca,Antalya,Kumluca,"2,0","34","1,01","23,0","43,0","0,92","9","41,6","0,93"
7,1512,Antalya Manavgat,Antalya,Manavgat,"11,0","40,4","0,94","30,0","43,1","0,91","23","43","0,92"
7,2039,Antalya Muratpaþa,Antalya,Muratpaþa,"13,0","38,5","0,96","13,0","45,7","0,89","12","44","0,91"
7,1616,Antalya Serik,Antalya,Serik,"6,0","37,8","0,97","35,0","42,7","0,92","14","42,7","0,92"
75,1252,Ardahan Çýldýr,Ardahan,Çýldýr,,"0","0","5,0","31,8","1,03","5","28,2","1,06"
75,2008,Ardahan Damal,Ardahan,Damal,,"0","0","2,0","33,0","1,02","5","31,2","1,03"
75,1356,Ardahan Göle,Ardahan,Göle,,"0","0","6,0","28,1","1,06","10","30","1,05"
75,1380,Ardahan Hanak,Ardahan,Hanak,,"0","0","5,0","29,6","1,05","9","27,8","1,07"
75,1579,Ardahan Posof,Ardahan,Posof,,"0","0","3,0","32,0","1,03","3","37,3","0,97"
8,1145,Artvin Ardanuç,Artvin,Ardanuç,,"0","0","4,0","42,7","0,92","3","27,3","1,07"
8,1147,Artvin Arhavi,Artvin,Arhavi,"2,0","35,5","0,99","8,0","47,1","0,87","3","32,6","1,02"
8,1202,Artvin Borçka,Artvin,Borçka,,"0","0","5,0","32,4","1,02","4","34","1,01"
8,1395,Artvin Hopa,Artvin,Hopa,"1,0","27","1,08","6,0","37,8","0,97","2","35,5","0,99"
8,2105,Artvin Kemalpaþa,Artvin,Kemalpaþa,"1,0","33","1,02","4,0","40,0","0,95","2","35","1"
8,1828,Artvin Murgul,Artvin,Murgul,,"0","0","2,0","37,0","0,98","3","28,6","1,06"
8,1653,Artvin Þavþat,Artvin,Þavþat,"1,0","35","1","2,0","31,0","1,04","5","31,8","1,03"
9,1206,Aydýn Bozdoðan,Aydýn,Bozdoðan,,"0","0","10,0","43,3","0,91","8","37,5","0,97"
9,1781,Aydýn Buharkent,Aydýn,Buharkent,,"0","0","4,0","40,7","0,94","3","42,3","0,92"
9,1256,Aydýn Çine,Aydýn,Çine,"1,0","53","0,82","11,0","46,9","0,88","12","37,9","0,97"
9,2000,Aydýn Didim,Aydýn,Didim,"4,0","37","0,98","16,0","48,5","0,86","9","46,3","0,88"
9,2076,Aydýn Efeler,Aydýn,Efeler,"4,0","36,7","0,98","29,0","50,6","0,84","23","43,2","0,91"
9,1348,Aydýn Germencik,Aydýn,Germencik,"1,0","44","0,91","11,0","46,3","0,88","7","44,5","0,90"
9,1807,Aydýn Ýncirliova,Aydýn,Ýncirliova,"2,0","34","1,01","14,0","49,9","0,85","9","43,8","0,91"
9,1435,Aydýn Karacasu,Aydýn,Karacasu,"2,0","32,5","1,02","7,0","42,8","0,92","5","43,2","0,91"
9,1957,Aydýn Karpuzlu,Aydýn,Karpuzlu,,"0","0","9,0","42,3","0,92","8","40,3","0,94"
9,1479,Aydýn Koçarlý,Aydýn,Koçarlý,,"0","0","13,0","46,5","0,88","9","45,1","0,89"
9,1968,Aydýn Köþk,Aydýn,Köþk,"2,0","41,5","0,93","8,0","45,5","0,89","6","44,5","0,90"
9,1497,Aydýn Kuþadasý,Aydýn,Kuþadasý,"5,0","42,4","0,92","14,0","45,1","0,89","8","46,6","0,88"
9,1498,Aydýn Kuyucak,Aydýn,Kuyucak,"1,0","36","0,99","12,0","47,0","0,88","10","40,4","0,94"
9,1542,Aydýn Nazilli,Aydýn,Nazilli,"4,0","39,7","0,95","18,0","50,1","0,84","13","43,2","0,91"
9,1637,Aydýn Söke,Aydýn,Söke,"4,0","38,5","0,96","22,0","47,3","0,87","17","44,2","0,90"
9,1640,Aydýn Sultanhisar,Aydýn,Sultanhisar,"1,0","31","1,04","14,0","48,0","0,86","5","44,4","0,90"
9,1724,Aydýn Yenipazar,Aydýn,Yenipazar,"1,0","50","0,85","7,0","46,0","0,89","6","37,3","0,97"
10,2077,Balýkesir Altýeylül,Balýkesir,Altýeylül,"6,0","35","1","21,0","45,7","0,89","28","43,5","0,91"
10,1161,Balýkesir Ayvalýk,Balýkesir,Ayvalýk,"2,0","40","0,95","9,0","47,4","0,87","9","40,3","0,94"
10,1169,Balýkesir Balya,Balýkesir,Balya,,"0","0","4,0","38,2","0,96","6","37,6","0,97"
10,1171,Balýkesir Bandýrma,Balýkesir,Bandýrma,"4,0","45,2","0,89","20,0","45,9","0,89","20","47,6","0,87"
10,1191,Balýkesir Bigadiç,Balýkesir,Bigadiç,"1,0","33","1,02","14,0","46,1","0,88","14","42,4","0,92"
10,1216,Balýkesir Burhaniye,Balýkesir,Burhaniye,"3,0","44,3","0,90","13,0","48,2","0,86","8","42,2","0,92"
10,1291,Balýkesir Dursunbey,Balýkesir,Dursunbey,,"0","0","7,0","44,0","0,91","6","35","1"
10,1294,Balýkesir Edremit,Balýkesir,Edremit,"3,0","38,3","0,96","16,0","48,1","0,86","9","44,1","0,90"
10,1310,Balýkesir Erdek,Balýkesir,Erdek,"2,0","38","0,97","8,0","45,2","0,89","4","46","0,89"
10,1928,Balýkesir Gömeç,Balýkesir,Gömeç,"1,0","44","0,91","9,0","45,4","0,89","4","47,2","0,87"
10,1360,Balýkesir Gönen,Balýkesir,Gönen,"3,0","37,6","0,97","17,0","43,2","0,91","10","41,7","0,93"
10,1384,Balýkesir Havran,Balýkesir,Havran,"2,0","46,5","0,88","9,0","49,0","0,86","9","43,8","0,91"
10,1418,Balýkesir Ývrindi,Balýkesir,Ývrindi,,"0","0","8,0","45,6","0,89","9","37,8","0,97"
10,2078,Balýkesir Karesi,Balýkesir,Karesi,"5,0","43,4","0,91","14,0","44,8","0,90","22","42,3","0,92"
10,1462,Balýkesir Kepsut,Balýkesir,Kepsut,"1,0","38","0,97","7,0","40,5","0,94","9","39","0,96"
10,1514,Balýkesir Manyas,Balýkesir,Manyas,"2,0","33","1,02","9,0","44,4","0,90","6","36,3","0,98"
10,1824,Balýkesir Marmara,Balýkesir,Marmara,"1,0","38","0,97","2,0","39,5","0,95","2","49","0,86"
10,1608,Balýkesir Savaþtepe,Balýkesir,Savaþtepe,,"0","0","2,0","34,5","1,00","6","41","0,94"
10,1619,Balýkesir Sýndýrgý,Balýkesir,Sýndýrgý,"1,0","38","0,97","8,0","44,3","0,90","10","36,1","0,98"
10,1644,Balýkesir Susurluk,Balýkesir,Susurluk,,"0","0","8,0","43,1","0,91","12","37,2","0,97"
74,1761,Bartýn Amasra,Bartýn,Amasra,"1,0","39","0,96","5,0","41,8","0,93","5","35,2","0,99"
74,1496,Bartýn Kurucaþile,Bartýn,Kurucaþile,,"0","0","4,0","34,7","1,00","1","45","0,9"
74,1701,Bartýn Ulus,Bartýn,Ulus,,"0","0","2,0","32,5","1,02","4","31,5","1,03"
72,1184,Batman Beþiri,Batman,Beþiri,"1,0","32","1,03","13,0","37,0","0,98","8","35,5","0,99"
72,1345,Batman Gercüþ,Batman,Gercüþ,,"0","0","9,0","35,4","0,99","4","32","1,03"
72,1941,Batman Hasankeyf,Batman,Hasankeyf,,"0","0","9,0","39,4","0,95","4","39,5","0,95"
72,1487,Batman Kozluk,Batman,Kozluk,"1,0","36","0,99","12,0","36,0","0,99","7","31,2","1,03"
72,1607,Batman Sason,Batman,Sason,"1,0","32","1,03","7,0","32,2","1,02","4","30,2","1,04"
69,1767,Bayburt Aydýntepe,Bayburt,Aydýntepe,,"0","0","2,0","31,0","1,04","3","37,6","0,97"
69,1788,Bayburt Demirözü,Bayburt,Demirözü,,"0","0","3,0","30,3","1,04","4","32","1,03"
11,1210,Bilecik Bozüyük,Bilecik,Bozüyük,"2,0","38","0,97","9,0","46,3","0,88","7","39,7","0,95"
11,1359,Bilecik Gölpazarý,Bilecik,Gölpazarý,,"0","0","1,0","36,0","0,99","4","32","1,03"
11,1948,Bilecik Ýnhisar,Bilecik,Ýnhisar,,"0","0","2,0","33,5","1,01","2","32,5","1,02"
11,1559,Bilecik Osmaneli,Bilecik,Osmaneli,"1,0","37","0,98","3,0","44,3","0,90","6","36,8","0,98"
11,1571,Bilecik Pazaryeri,Bilecik,Pazaryeri,,"0","0","4,0","41,7","0,93","4","35,7","0,99"
11,1636,Bilecik Söðüt,Bilecik,Söðüt,,"0","0","4,0","35,2","0,99","4","37,2","0,97"
11,1857,Bilecik Yenipazar,Bilecik,Yenipazar,,"0","0",,,"0","3","37,3","0,97"
12,1750,Bingöl Adaklý,Bingöl,Adaklý,,"0","0","2,0","27,5","1,07",,,"0"
12,1344,Bingöl Genç,Bingöl,Genç,,"0","0","5,0","38,0","0,97","4","29,7","1,05"
12,1446,Bingöl Karlýova,Bingöl,Karlýova,,"0","0","1,0","39,0","0,96","6","30,1","1,04"
12,1855,Bingöl Yayladere,Bingöl,Yayladere,,"0","0","1,0","36,0","0,99","2","30","1,05"
12,1996,Bingöl Yedisu,Bingöl,Yedisu,,"0","0","2,0","41,0","0,94","1","35","1"
13,1106,Bitlis Adilcevaz,Bitlis,Adilcevaz,,"0","0","9,0","39,4","0,95","6","41,6","0,93"
13,1112,Bitlis Ahlat,Bitlis,Ahlat,,"0","0","12,0","35,1","0,99","7","31,8","1,03"
13,1798,Bitlis Güroymak,Bitlis,Güroymak,,"0","0","4,0","29,7","1,05","7","33,2","1,01"
13,1394,Bitlis Hizan,Bitlis,Hizan,,"0","0","6,0","35,0","1","4","31","1,04"
13,1537,Bitlis Mutki,Bitlis,Mutki,,"0","0","6,0","33,0","1,02","3","31","1,04"
13,1669,Bitlis Tatvan,Bitlis,Tatvan,"2,0","36,5","0,98","14,0","45,7","0,89","10","34,5","1,00"
14,1916,Bolu Dörtdivan,Bolu,Dörtdivan,,"0","0","2,0","42,0","0,92","3","32","1,03"
14,1346,Bolu Gerede,Bolu,Gerede,"1,0","31","1,04","5,0","34,2","1,00","4","36,7","0,98"
14,1364,Bolu Göynük,Bolu,Göynük,,"0","0","5,0","38,6","0,96","7","31,2","1,03"
14,1466,Bolu Kýbrýscýk,Bolu,Kýbrýscýk,,"0","0","2,0","33,5","1,01","2","29,5","1,05"
14,1522,Bolu Mengen,Bolu,Mengen,,"0","0","3,0","28,0","1,07","3","38,3","0,96"
14,1531,Bolu Mudurnu,Bolu,Mudurnu,,"0","0","6,0","31,5","1,03","9","36,7","0,98"
14,1610,Bolu Seben,Bolu,Seben,,"0","0","2,0","30,0","1,05","3","42","0,92"
14,1997,Bolu Yeniçaða,Bolu,Yeniçaða,,"0","0","4,0","39,5","0,95","3","37,3","0,97"
15,1109,Burdur Aðlasun,Burdur,Aðlasun,,"0","0","5,0","42,8","0,92","5","36,8","0,98"
15,1874,Burdur Altýnyayla,Burdur,Altýnyayla,,"0","0","3,0","31,0","1,04","3","37,6","0,97"
15,1211,Burdur Bucak,Burdur,Bucak,"3,0","34","1,01","16,0","48,3","0,86","13","43,6","0,91"
15,1899,Burdur Çavdýr,Burdur,Çavdýr,"1,0","33","1,02","6,0","34,5","1,00","3","33,6","1,01"
15,1903,Burdur Çeltikçi,Burdur,Çeltikçi,,"0","0","4,0","40,5","0,94","4","36,7","0,98"
15,1357,Burdur Gölhisar,Burdur,Gölhisar,"1,0","32","1,03","8,0","38,0","0,97","11","40,7","0,94"
15,1813,Burdur Karamanlý,Burdur,Karamanlý,,"0","0","5,0","40,8","0,94","5","38,2","0,96"
15,1816,Burdur Kemer,Burdur,Kemer,,"0","0","2,0","39,0","0,96","3","37,6","0,97"
15,1672,Burdur Tefenni,Burdur,Tefenni,,"0","0","4,0","40,5","0,94","5","35,2","0,99"
15,1728,Burdur Yeþilova,Burdur,Yeþilova,,"0","0","5,0","44,4","0,90","5","39,8","0,95"
16,1783,Bursa Büyükorhan,Bursa,Büyükorhan,,"0","0","2,0","33,0","1,02","3","34","1,01"
16,1343,Bursa Gemlik,Bursa,Gemlik,"4,0","38","0,97","9,0","49,4","0,85","5","41,2","0,93"
16,1935,Bursa Gürsu,Bursa,Gürsu,"4,0","36","0,99","10,0","40,7","0,94","5","41,4","0,93"
16,1799,Bursa Harmancýk,Bursa,Harmancýk,,"0","0","3,0","39,3","0,95","2","33,5","1,01"
16,1411,Bursa Ýnegöl,Bursa,Ýnegöl,"7,0","31,4","1,03","15,0","47,3","0,87","14","42,2","0,92"
16,1420,Bursa Ýznik,Bursa,Ýznik,"3,0","41,6","0,93","12,0","42,0","0,92","3","42,3","0,92"
16,1434,Bursa Karacabey,Bursa,Karacabey,"3,0","40,6","0,94","14,0","41,9","0,93","14","40,6","0,94"
16,1457,Bursa Keles,Bursa,Keles,"2,0","46,5","0,88","3,0","33,6","1,01","4","38,7","0,96"
16,1960,Bursa Kestel,Bursa,Kestel,"2,0","46","0,89","15,0","40,3","0,94","7","49,4","0,85"
16,1530,Bursa Mudanya,Bursa,Mudanya,"4,0","38","0,97","22,0","46,5","0,88","7","43,7","0,91"
16,1535,Bursa Mustafakemalpaþa,Bursa,Mustafakemalpaþa,"3,0","36,6","0,98","20,0","45,2","0,89","14","37","0,98"
16,1829,Bursa Nilüfer,Bursa,Nilüfer,"10,0","34,6","1,00","20,0","48,7","0,86","17","42,7","0,92"
16,1553,Bursa Orhaneli,Bursa,Orhaneli,"1,0","35","1","4,0","42,7","0,92","4","36,7","0,98"
16,1554,Bursa Orhangazi,Bursa,Orhangazi,"2,0","36","0,99","7,0","43,1","0,91","4","42","0,92"
16,1832,Bursa Osmangazi,Bursa,Osmangazi,"15,0","40,5","0,94","26,0","50,4","0,84","20","45,5","0,89"
16,1725,Bursa Yeniþehir,Bursa,Yeniþehir,"2,0","33","1,02","12,0","45,3","0,89","10","39,3","0,95"
16,1859,Bursa Yýldýrým,Bursa,Yýldýrým,"9,0","36,6","0,98","8,0","38,0","0,97","12","42,9","0,92"
17,1160,Çanakkale Ayvacýk,Çanakkale,Ayvacýk,"2,0","32,5","1,02","11,0","41,6","0,93","7","43","0,92"
17,1180,Çanakkale Bayramiç,Çanakkale,Bayramiç,,"0","0","13,0","38,4","0,96","8","43,3","0,91"
17,1190,Çanakkale Biga,Çanakkale,Biga,"2,0","38,5","0,96","22,0","41,1","0,93","18","39,8","0,95"
17,1205,Çanakkale Bozcaada,Çanakkale,Bozcaada,"1,0","30","1,05","4,0","41,7","0,93","2","39","0,96"
17,1229,Çanakkale Çan,Çanakkale,Çan,"1,0","41","0,94","9,0","46,1","0,88","12","38,5","0,96"
17,1293,Çanakkale Eceabat,Çanakkale,Eceabat,"2,0","38","0,97","7,0","46,0","0,89","3","47,6","0,87"
17,1326,Çanakkale Ezine,Çanakkale,Ezine,"2,0","31,5","1,03","11,0","39,6","0,95","13","38,3","0,96"
17,1340,Çanakkale Gelibolu,Çanakkale,Gelibolu,"2,0","34,5","1,00","12,0","39,5","0,95","7","40,4","0,94"
17,1408,Çanakkale Gökçeada,Çanakkale,Gökçeada,"1,0","36","0,99","4,0","37,5","0,97","3","29,3","1,05"
17,1503,Çanakkale Lapseki,Çanakkale,Lapseki,"2,0","40","0,95","16,0","41,5","0,93","7","37,8","0,97"
17,1722,Çanakkale Yenice,Çanakkale,Yenice,"1,0","39","0,96","11,0","37,3","0,97","10","38,8","0,96"
18,1765,Çankýrý Atkaracalar,Çankýrý,Atkaracalar,,"0","0","1,0","32,0","1,03","1","30","1,05"
18,1885,Çankýrý Bayramören,Çankýrý,Bayramören,,"0","0","1,0","30,0","1,05","1","26","1,09"
18,1248,Çankýrý Çerkeþ,Çankýrý,Çerkeþ,,"0","0","4,0","37,0","0,98","3","28,6","1,06"
18,1300,Çankýrý Eldivan,Çankýrý,Eldivan,,"0","0","3,0","45,0","0,9","3","34,6","1,00"
18,1399,Çankýrý Ilgaz,Çankýrý,Ilgaz,,"0","0","2,0","31,5","1,03","2","28","1,07"
18,1817,Çankýrý Kýzýlýrmak,Çankýrý,Kýzýlýrmak,,"0","0","4,0","36,7","0,98","3","33,3","1,01"
18,1963,Çankýrý Korgun,Çankýrý,Korgun,,"0","0","2,0","42,0","0,92","1","28","1,07"
18,1494,Çankýrý Kurþunlu,Çankýrý,Kurþunlu,,"0","0","4,0","34,2","1,00","2","40,5","0,94"
18,1555,Çankýrý Orta,Çankýrý,Orta,,"0","0","3,0","30,3","1,04","5","32,4","1,02"
18,1649,Çankýrý Þabanözü,Çankýrý,Þabanözü,,"0","0","4,0","39,2","0,95","2","31,5","1,03"
18,1718,Çankýrý Yapraklý,Çankýrý,Yapraklý,,"0","0","2,0","42,5","0,92","3","37","0,98"
19,1124,Çorum Alaca,Çorum,Alaca,"1,0","36","0,99","6,0","40,3","0,94","5","44","0,91"
19,1177,Çorum Bayat,Çorum,Bayat,,"0","0","5,0","35,6","0,99","3","38","0,97"
19,1778,Çorum Boðazkale,Çorum,Boðazkale,,"0","0","2,0","33,0","1,02","3","30","1,05"
19,1911,Çorum Dodurga,Çorum,Dodurga,,"0","0","2,0","31,5","1,03","1","31","1,04"
19,1414,Çorum Ýskilip,Çorum,Ýskilip,"1,0","40","0,95","9,0","39,4","0,95","5","31,6","1,03"
19,1445,Çorum Kargý,Çorum,Kargý,,"0","0","4,0","33,0","1,02","3","35,6","0,99"
19,1972,Çorum Laçin,Çorum,Laçin,,"0","0","3,0","37,3","0,97","3","38","0,97"
19,1520,Çorum Mecitözü,Çorum,Mecitözü,,"0","0","8,0","36,8","0,98","7","38,8","0,96"
19,1976,Çorum Oðuzlar,Çorum,Oðuzlar,,"0","0","2,0","30,5","1,04","2","39,5","0,95"
19,1556,Çorum Ortaköy,Çorum,Ortaköy,,"0","0","3,0","31,6","1,03","3","35,6","0,99"
19,1558,Çorum Osmancýk,Çorum,Osmancýk,"1,0","32","1,03","9,0","45,7","0,89","7","38,8","0,96"
19,1642,Çorum Sungurlu,Çorum,Sungurlu,"1,0","36","0,99","8,0","39,5","0,95","6","42,5","0,92"
19,1850,Çorum Uðurludað,Çorum,Uðurludað,,"0","0","3,0","31,6","1,03","1","33","1,02"
20,1102,Denizli Acýpayam,Denizli,Acýpayam,"2,0","35","1","13,0","40,7","0,94","14","39,7","0,95"
20,1769,Denizli Babadað,Denizli,Babadað,,"0","0","5,0","40,6","0,94","4","34","1,01"
20,1881,Denizli Baklan,Denizli,Baklan,,"0","0","4,0","36,0","0,99","4","43,5","0,91"
20,1774,Denizli Bekilli,Denizli,Bekilli,,"0","0","5,0","36,6","0,98","2","30,5","1,04"
20,1888,Denizli Beyaðaç,Denizli,Beyaðaç,,"0","0","3,0","30,6","1,04","4","32,7","1,02"
20,1889,Denizli Bozkurt,Denizli,Bozkurt,,"0","0","6,0","43,5","0,91","4","37","0,98"
20,1214,Denizli Buldan,Denizli,Buldan,"1,0","32","1,03","7,0","43,1","0,91","5","41,2","0,93"
20,1224,Denizli Çal,Denizli,Çal,,"0","0","5,0","40,2","0,94","6","42","0,92"
20,1226,Denizli Çameli,Denizli,Çameli,"1,0","38","0,97","9,0","34,0","1,01","7","39,2","0,95"
20,1233,Denizli Çardak,Denizli,Çardak,,"0","0","4,0","38,0","0,97","5","37,8","0,97"
20,1257,Denizli Çivril,Denizli,Çivril,"2,0","36","0,99","14,0","45,2","0,89","10","41,3","0,93"
20,1371,Denizli Güney,Denizli,Güney,,"0","0","4,0","34,7","1,00","4","33,7","1,01"
20,1803,Denizli Honaz,Denizli,Honaz,"1,0","37","0,98","11,0","40,8","0,94","10","40,1","0,94"
20,1426,Denizli Kale,Denizli,Kale,,"0","0","6,0","33,1","1,01","5","37,4","0,97"
20,2079,Denizli Merkezefendi,Denizli,Merkezefendi,"6,0","37,6","0,97","16,0","44,3","0,90","11","47,1","0,87"
20,1871,Denizli Pamukkale,Denizli,Pamukkale,"9,0","37,8","0,97","15,0","46,0","0,89","13","46,3","0,88"
20,1597,Denizli Sarayköy,Denizli,Sarayköy,"2,0","34","1,01","14,0","44,2","0,90","7","40,2","0,94"
20,1840,Denizli Serinhisar,Denizli,Serinhisar,"1,0","29","1,06","3,0","36,6","0,98","6","37,6","0,97"
20,1670,Denizli Tavas,Denizli,Tavas,"1,0","34","1,01","11,0","43,2","0,91","9","36,6","0,98"
21,2040,Diyarbakýr Baðlar,Diyarbakýr,Baðlar,"9,0","36,6","0,98","25,0","46,2","0,88","13","41,6","0,93"
21,1195,Diyarbakýr Bismil,Diyarbakýr,Bismil,,"0","0","25,0","38,4","0,96","7","41,1","0,93"
21,1249,Diyarbakýr Çermik,Diyarbakýr,Çermik,,"0","0","11,0","43,0","0,92","9","41,3","0,93"
21,1253,Diyarbakýr Çýnar,Diyarbakýr,Çýnar,,"0","0","22,0","38,5","0,96","12","41,3","0,93"
21,1263,Diyarbakýr Çüngüþ,Diyarbakýr,Çüngüþ,,"0","0","4,0","38,5","0,96","3","35,6","0,99"
21,1278,Diyarbakýr Dicle,Diyarbakýr,Dicle,"1,0","37","0,98","10,0","38,1","0,96","6","34,1","1,00"
21,1791,Diyarbakýr Eðil,Diyarbakýr,Eðil,,"0","0","14,0","38,6","0,96","7","36,4","0,98"
21,1315,Diyarbakýr Ergani,Diyarbakýr,Ergani,"2,0","34,5","1,00","19,0","40,1","0,94","14","38,0","0,96"
21,1381,Diyarbakýr Hani,Diyarbakýr,Hani,"1,0","33","1,02","10,0","38,2","0,96","6","33","1,02"
21,1389,Diyarbakýr Hazro,Diyarbakýr,Hazro,,"0","0","10,0","36,9","0,98","6","33,1","1,01"
21,2041,Diyarbakýr Kayapýnar,Diyarbakýr,Kayapýnar,"4,0","37,2","0,97","25,0","46,0","0,88","12","46,5","0,88"
21,1962,Diyarbakýr Kocaköy,Diyarbakýr,Kocaköy,,"0","0","11,0","40,8","0,94","5","38,4","0,96"
21,1490,Diyarbakýr Kulp,Diyarbakýr,Kulp,"1,0","29","1,06","10,0","35,1","0,99","5","29,4","1,05"
21,1504,Diyarbakýr Lice,Diyarbakýr,Lice,,"0","0","6,0","34,6","1,00","6","38,6","0,96"
21,1624,Diyarbakýr Silvan,Diyarbakýr,Silvan,"1,0","36","0,99","15,0","37,9","0,97","8","32,3","1,02"
21,2042,Diyarbakýr Sur,Diyarbakýr,Sur,"4,0","37,2","0,97","33,0","42,5","0,92","18","43,6","0,91"
21,2043,Diyarbakýr Yeniþehir,Diyarbakýr,Yeniþehir,"4,0","39","0,96","31,0","43,7","0,91","12","41,7","0,93"
81,1116,Düzce Akçakoca,Düzce,Akçakoca,"1,0","40","0,95","11,0","45,7","0,89","4","41,2","0,93"
81,1784,Düzce Cumayeri,Düzce,Cumayeri,,"0","0","4,0","36,2","0,98","3","32","1,03"
81,1905,Düzce Çilimli,Düzce,Çilimli,"1,0","35","1","3,0","43,3","0,91","3","39,6","0,95"
81,2017,Düzce Gümüþova,Düzce,Gümüþova,,"0","0","4,0","41,0","0,94","2","51","0,84"
81,2031,Düzce Kaynaþlý,Düzce,Kaynaþlý,"1,0","33","1,02","5,0","44,8","0,90","3","47,3","0,87"
81,1730,Düzce Yýðýlca,Düzce,Yýðýlca,,"0","0","4,0","32,5","1,02","2","34,5","1,00"
22,1307,Edirne Enez,Edirne,Enez,,"0","0","6,0","40,8","0,94","4","35","1"
22,1385,Edirne Havsa,Edirne,Havsa,,"0","0","8,0","45,6","0,89","6","47,1","0,87"
22,1412,Edirne Ýpsala,Edirne,Ýpsala,"1,0","29","1,06","5,0","32,6","1,02","5","36,6","0,98"
22,1464,Edirne Keþan,Edirne,Keþan,"4,0","36,2","0,98","14,0","41,7","0,93","7","36,7","0,98"
22,1502,Edirne Lalapaþa,Edirne,Lalapaþa,,"0","0","6,0","38,5","0,96","3","42,3","0,92"
22,1523,Edirne Meriç,Edirne,Meriç,"1,0","34","1,01","4,0","35,5","0,99","2","39","0,96"
22,1988,Edirne Süloðlu,Edirne,Süloðlu,,"0","0","5,0","38,2","0,96","3","34","1,01"
22,1705,Edirne Uzunköprü,Edirne,Uzunköprü,"1,0","30","1,05","8,0","43,0","0,92","6","41,6","0,93"
23,1110,Elazýð Aðýn,Elazýð,Aðýn,,"0","0","2,0","32,0","1,03","1","42","0,92"
23,1873,Elazýð Alacakaya,Elazýð,Alacakaya,,"0","0","2,0","34,0","1,01","4","35,7","0,99"
23,1762,Elazýð Arýcak,Elazýð,Arýcak,,"0","0","3,0","32,6","1,02","2","31","1,04"
23,1173,Elazýð Baskil,Elazýð,Baskil,,"0","0","8,0","39,8","0,95","5","41,4","0,93"
23,1438,Elazýð Karakoçan,Elazýð,Karakoçan,,"0","0","5,0","33,4","1,01","10","36","0,99"
23,1455,Elazýð Keban,Elazýð,Keban,"1,0","41","0,94","5,0","39,0","0,96","6","41,6","0,93"
23,1820,Elazýð Kovancýlar,Elazýð,Kovancýlar,"1,0","35","1","8,0","37,2","0,97","8","34,8","1,00"
23,1506,Elazýð Maden,Elazýð,Maden,,"0","0","5,0","39,8","0,95","2","38","0,97"
23,1566,Elazýð Palu,Elazýð,Palu,,"0","0","5,0","35,8","0,99","6","30,1","1,04"
23,1631,Elazýð Sivrice,Elazýð,Sivrice,,"0","0","5,0","35,2","0,99","5","41,8","0,93"
24,1243,Erzincan Çayýrlý,Erzincan,Çayýrlý,,"0","0","3,0","32,3","1,02","4","28,2","1,06"
24,1406,Erzincan Ýliç,Erzincan,Ýliç,,"0","0","1,0","45,0","0,9","1","28","1,07"
24,1459,Erzincan Kemah,Erzincan,Kemah,,"0","0","2,0","30,0","1,05","3","30","1,05"
24,1460,Erzincan Kemaliye,Erzincan,Kemaliye,,"0","0","3,0","34,3","1,00","2","31","1,04"
24,1977,Erzincan Otlukbeli,Erzincan,Otlukbeli,,"0","0","2,0","26,5","1,08","1","28","1,07"
24,1583,Erzincan Refahiye,Erzincan,Refahiye,,"0","0","1,0","32,0","1,03","5","28,2","1,06"
24,1675,Erzincan Tercan,Erzincan,Tercan,,"0","0","3,0","36,0","0,99","7","36,1","0,98"
24,1853,Erzincan Üzümlü,Erzincan,Üzümlü,,"0","0","1,0","32,0","1,03","4","41,5","0,93"
25,1153,Erzurum Aþkale,Erzurum,Aþkale,,"0","0","6,0","41,6","0,93","2","27","1,08"
25,1945,Erzurum Aziziye,Erzurum,Aziziye,"1,0","49","0,86","13,0","44,8","0,90","11","37,6","0,97"
25,1235,Erzurum Çat,Erzurum,Çat,,"0","0","5,0","42,8","0,92","3","32,3","1,02"
25,1392,Erzurum Hýnýs,Erzurum,Hýnýs,"1,0","29","1,06","6,0","31,1","1,03","6","33","1,02"
25,1396,Erzurum Horasan,Erzurum,Horasan,,"0","0","6,0","31,3","1,03","9","31,4","1,03"
25,1416,Erzurum Ýspir,Erzurum,Ýspir,,"0","0","4,0","31,2","1,03","4","29,5","1,05"
25,1812,Erzurum Karaçoban,Erzurum,Karaçoban,,"0","0","4,0","33,0","1,02","4","29","1,06"
25,1444,Erzurum Karayazý,Erzurum,Karayazý,"1,0","36","0,99","3,0","34,0","1,01","5","28","1,07"
25,1967,Erzurum Köprüköy,Erzurum,Köprüköy,,"0","0","5,0","35,2","0,99","5","32,6","1,02"
25,1540,Erzurum Narman,Erzurum,Narman,,"0","0","5,0","31,6","1,03","4","34","1,01"
25,1550,Erzurum Oltu,Erzurum,Oltu,"1,0","28","1,07","5,0","47,4","0,87","3","29,6","1,05"
25,1551,Erzurum Olur,Erzurum,Olur,,"0","0","3,0","31,3","1,03","3","30,3","1,04"
25,2044,Erzurum Palandöken,Erzurum,Palandöken,"5,0","35,4","0,99","18,0","46,2","0,88","6","39,1","0,95"
25,1567,Erzurum Pasinler,Erzurum,Pasinler,,"0","0","9,0","38,2","0,96","7","34,5","1,00"
25,1865,Erzurum Pazaryolu,Erzurum,Pazaryolu,,"0","0","5,0","30,4","1,04","3","26,3","1,08"
25,1657,Erzurum Þenkaya,Erzurum,Þenkaya,,"0","0","4,0","34,5","1,00","4","33,5","1,01"
25,1674,Erzurum Tekman,Erzurum,Tekman,,"0","0","2,0","33,5","1,01","4","29,7","1,05"
25,1683,Erzurum Tortum,Erzurum,Tortum,,"0","0","8,0","39,3","0,95","6","32,6","1,02"
25,1851,Erzurum Uzundere,Erzurum,Uzundere,,"0","0","2,0","35,0","1","2","31,5","1,03"
25,2045,Erzurum Yakutiye,Erzurum,Yakutiye,"5,0","39,6","0,95","17,0","46,8","0,88","11","38,4","0,96"
26,1759,Eskiþehir Alpu,Eskiþehir,Alpu,,"0","0","10,0","44,1","0,90","6","36,5","0,98"
26,1777,Eskiþehir Beylikova,Eskiþehir,Beylikova,,"0","0","4,0","36,5","0,98","5","35,8","0,99"
26,1255,Eskiþehir Çifteler,Eskiþehir,Çifteler,,"0","0","9,0","39,5","0,95","6","42,3","0,92"
26,1934,Eskiþehir Günyüzü,Eskiþehir,Günyüzü,,"0","0","5,0","33,0","1,02","3","30,3","1,04"
26,1939,Eskiþehir Han,Eskiþehir,Han,,"0","0","4,0","43,0","0,92","2","31,5","1,03"
26,1808,Eskiþehir Ýnönü,Eskiþehir,Ýnönü,,"0","0","8,0","42,8","0,92","3","43","0,92"
26,1508,Eskiþehir Mahmudiye,Eskiþehir,Mahmudiye,,"0","0","5,0","39,0","0,96","5","38","0,97"
26,1973,Eskiþehir Mihalgazi,Eskiþehir,Mihalgazi,,"0","0","2,0","45,0","0,9","2","40,5","0,94"
26,1527,Eskiþehir Mihalýççýk,Eskiþehir,Mihalýççýk,,"0","0","4,0","32,7","1,02","3","38","0,97"
26,2046,Eskiþehir Odunpazarý,Eskiþehir,Odunpazarý,"8,0","44,8","0,90","18,0","44,2","0,90","14","39,2","0,95"
26,1599,Eskiþehir Sarýcakaya,Eskiþehir,Sarýcakaya,,"0","0","4,0","40,0","0,95","4","44","0,91"
26,1618,Eskiþehir Seyitgazi,Eskiþehir,Seyitgazi,"1,0","37","0,98","10,0","39,9","0,95","6","37,3","0,97"
26,1632,Eskiþehir Sivrihisar,Eskiþehir,Sivrihisar,"1,0","32","1,03","12,0","40,5","0,94","11","34,1","1,00"
26,2047,Eskiþehir Tepebaþý,Eskiþehir,Tepebaþý,"7,0","43,4","0,91","22,0","45,3","0,89","19","45,3","0,89"
27,1139,Gaziantep Araban,Gaziantep,Araban,,"0","0","3,0","31,3","1,03","5","35,4","0,99"
27,1415,Gaziantep Ýslahiye,Gaziantep,Ýslahiye,,"0","0","7,0","41,2","0,93","6","39,8","0,95"
27,1956,Gaziantep Karkamýþ,Gaziantep,Karkamýþ,,"0","0","8,0","32,0","1,03","6","36,3","0,98"
27,1546,Gaziantep Nizip,Gaziantep,Nizip,"4,0","40,5","0,94","17,0","43,1","0,91","11","43,1","0,91"
27,1974,Gaziantep Nurdaðý,Gaziantep,Nurdaðý,,"0","0","10,0","33,6","1,01","8","32,1","1,02"
27,1549,Gaziantep Oðuzeli,Gaziantep,Oðuzeli,"1,0","32","1,03","16,0","40,1","0,94","8","39,3","0,95"
27,1841,Gaziantep Þahinbey,Gaziantep,Þahinbey,"10,0","36,2","0,98","25,0","45,2","0,89","14","45","0,9"
27,1844,Gaziantep Þehitkamil,Gaziantep,Þehitkamil,"10,0","33,8","1,01","23,0","47,0","0,87","16","40,4","0,94"
27,1720,Gaziantep Yavuzeli,Gaziantep,Yavuzeli,,"0","0","8,0","36,5","0,98","8","41,5","0,93"
28,1133,Giresun Alucra,Giresun,Alucra,,"0","0","5,0","32,6","1,02","3","28,6","1,06"
28,1212,Giresun Bulancak,Giresun,Bulancak,"3,0","32,3","1,02","14,0","39,3","0,95","9","41,3","0,93"
28,1893,Giresun Çamoluk,Giresun,Çamoluk,,"0","0","2,0","32,0","1,03","2","29","1,06"
28,1894,Giresun Çanakçý,Giresun,Çanakçý,,"0","0","3,0","31,0","1,04","2","32","1,03"
28,1272,Giresun Dereli,Giresun,Dereli,"2,0","35","1","5,0","33,6","1,01","1","40","0,95"
28,1912,Giresun Doðankent,Giresun,Doðankent,,"0","0","1,0","27,0","1,08","2","34","1,01"
28,1320,Giresun Espiye,Giresun,Espiye,,"0","0","7,0","41,5","0,93","4","34,5","1,00"
28,1324,Giresun Eynesil,Giresun,Eynesil,,"0","0","2,0","44,0","0,91","3","42","0,92"
28,1361,Giresun Görele,Giresun,Görele,"1,0","38","0,97","9,0","49,6","0,85","4","49,5","0,85"
28,1930,Giresun Güce,Giresun,Güce,,"0","0","3,0","34,3","1,00","1","28","1,07"
28,1465,Giresun Keþap,Giresun,Keþap,,"0","0","8,0","39,5","0,95","4","36,2","0,98"
28,1837,Giresun Piraziz,Giresun,Piraziz,"1,0","41","0,94","6,0","40,1","0,94","3","38","0,97"
28,1654,Giresun Þebinkarahisar,Giresun,Þebinkarahisar,"1,0","35","1","5,0","34,0","1,01","5","29,4","1,05"
28,1678,Giresun Tirebolu,Giresun,Tirebolu,"1,0","34","1,01","10,0","43,8","0,91","3","37,3","0,97"
28,1854,Giresun Yaðlýdere,Giresun,Yaðlýdere,,"0","0","4,0","31,7","1,03","1","32","1,03"
29,1458,Gümüþhane Kelkit,Gümüþhane,Kelkit,"1,0","34","1,01","7,0","41,4","0,93","7","37,7","0,97"
29,1822,Gümüþhane Köse,Gümüþhane,Köse,,"0","0","4,0","32,5","1,02","3","45","0,9"
29,1971,Gümüþhane Kürtün,Gümüþhane,Kürtün,,"0","0","5,0","33,8","1,01","3","34,6","1,00"
29,1660,Gümüþhane Þiran,Gümüþhane,Þiran,"1,0","33","1,02","5,0","33,0","1,02","2","37,5","0,97"
29,1684,Gümüþhane Torul,Gümüþhane,Torul,,"0","0","5,0","33,4","1,01","4","29,5","1,05"
30,1261,Hakkari Çukurca,Hakkari,Çukurca,,"0","0","3,0","39,3","0,95","4","29,5","1,05"
30,2107,Hakkari Derecik,Hakkari,Derecik,,"0","0","3,0","28,6","1,06","3","29,3","1,05"
30,1656,Hakkari Þemdinli,Hakkari,Þemdinli,,"0","0","5,0","32,0","1,03","4","31,5","1,03"
30,1737,Hakkari Yüksekova,Hakkari,Yüksekova,"1,0","36","0,99","9,0","39,1","0,95","6","31","1,04"
31,1131,Hatay Altýnözü,Hatay,Altýnözü,"1,0","27","1,08","6,0","43,1","0,91","3","42","0,92"
31,2080,Hatay Antakya,Hatay,Antakya,"5,0","37,4","0,97","17,0","34,9","1,00","16","40,7","0,94"
31,2081,Hatay Arsuz,Hatay,Arsuz,"2,0","44,5","0,90","11,0","41,9","0,93","11","38,4","0,96"
31,1887,Hatay Belen,Hatay,Belen,"1,0","34","1,01","7,0","45,5","0,89","4","41,5","0,93"
31,2082,Hatay Defne,Hatay,Defne,"2,0","33,5","1,01","9,0","43,5","0,91","12","45,6","0,89"
31,1289,Hatay Dörtyol,Hatay,Dörtyol,"2,0","35,5","0,99","17,0","45,4","0,89","7","44,2","0,90"
31,1792,Hatay Erzin,Hatay,Erzin,"1,0","41","0,94","18,0","44,1","0,90","8","41,1","0,93"
31,1382,Hatay Hassa,Hatay,Hassa,"1,0","38","0,97","9,0","42,6","0,92","5","32,2","1,02"
31,1413,Hatay Ýskenderun,Hatay,Ýskenderun,"6,0","37,8","0,97","14,0","47,8","0,87","9","47,2","0,87"
31,1468,Hatay Kýrýkhan,Hatay,Kýrýkhan,"1,0","34","1,01","11,0","42,0","0,92","8","37,3","0,97"
31,1970,Hatay Kumlu,Hatay,Kumlu,,"0","0","6,0","36,8","0,98","4","36,7","0,98"
31,2083,Hatay Payas,Hatay,Payas,"2,0","35","1","6,0","46,3","0,88","5","36,8","0,98"
31,1585,Hatay Reyhanlý,Hatay,Reyhanlý,,"0","0","9,0","34,6","1,00","6","34,8","1,00"
31,1591,Hatay Samandað,Hatay,Samandað,"2,0","34,5","1,00","8,0","33,2","1,01","15","42,7","0,92"
31,1721,Hatay Yayladaðý,Hatay,Yayladaðý,"1,0","32","1,03","8,0","33,3","1,01","7","39,2","0,95"
76,1142,Iðdýr Aralýk,Iðdýr,Aralýk,,"0","0","8,0","33,3","1,01","7","32,2","1,02"
76,2011,Iðdýr Karakoyunlu,Iðdýr,Karakoyunlu,,"0","0","7,0","36,8","0,98","10","35,8","0,99"
76,1692,Iðdýr Tuzluca,Iðdýr,Tuzluca,,"0","0","12,0","35,7","0,99","11","36","0,99"
32,1755,Isparta Aksu,Isparta,Aksu,,"0","0","4,0","35,7","0,99","4","35,2","0,99"
32,1154,Isparta Atabey,Isparta,Atabey,,"0","0","7,0","45,7","0,89","4","40","0,95"
32,1297,Isparta Eðirdir,Isparta,Eðirdir,"2,0","47,5","0,87","17,0","40,8","0,94","9","43,8","0,91"
32,1341,Isparta Gelendost,Isparta,Gelendost,,"0","0","6,0","41,1","0,93","3","35","1"
32,1929,Isparta Gönen,Isparta,Gönen,,"0","0","8,0","46,5","0,88","7","40","0,95"
32,1456,Isparta Keçiborlu,Isparta,Keçiborlu,,"0","0","11,0","44,8","0,90","10","43","0,92"
32,1615,Isparta Senirkent,Isparta,Senirkent,"1,0","36","0,99","4,0","40,2","0,94","2","33,5","1,01"
32,1648,Isparta Sütçüler,Isparta,Sütçüler,,"0","0","2,0","32,0","1,03","2","33","1,02"
32,1651,Isparta Þarkikaraaðaç,Isparta,Þarkikaraaðaç,,"0","0","10,0","46,1","0,88","8","44,7","0,90"
32,1699,Isparta Uluborlu,Isparta,Uluborlu,,"0","0","4,0","40,0","0,95","4","35,5","0,99"
32,1717,Isparta Yalvaç,Isparta,Yalvaç,"1,0","30","1,05","8,0","42,8","0,92","11","39,3","0,95"
32,2001,Isparta Yeniþarbademli,Isparta,Yeniþarbademli,,"0","0","4,0","31,7","1,03","3","37,3","0,97"
34,1103,Ýstanbul Adalar,Ýstanbul,Adalar,"3,0","41,6","0,93","5,0","48,8","0,86","2","46,5","0,88"
34,2048,Ýstanbul Arnavutköy,Ýstanbul,Arnavutköy,"3,0","32,3","1,02","10,0","38,0","0,97","4","34,5","1,00"
34,2049,Ýstanbul Ataþehir,Ýstanbul,Ataþehir,"8,0","37,2","0,97","9,0","42,3","0,92","6","49","0,86"
34,2003,Ýstanbul Avcýlar,Ýstanbul,Avcýlar,"5,0","38,4","0,96","10,0","46,7","0,88","7","38,4","0,96"
34,2004,Ýstanbul Baðcýlar,Ýstanbul,Baðcýlar,"6,0","38","0,97","6,0","35,3","0,99","6","39,6","0,95"
34,2005,Ýstanbul Bahçelievler,Ýstanbul,Bahçelievler,"7,0","35,8","0,99","11,0","48,9","0,86","4","41,7","0,93"
34,1166,Ýstanbul Bakýrköy,Ýstanbul,Bakýrköy,"9,0","41,6","0,93","8,0","43,1","0,91","5","48,2","0,86"
34,2050,Ýstanbul Baþakþehir,Ýstanbul,Baþakþehir,"11,0","41,1","0,93","18,0","47,5","0,87","7","44,5","0,90"
34,1886,Ýstanbul Bayrampaþa,Ýstanbul,Bayrampaþa,"7,0","31,7","1,03","5,0","39,4","0,95","4","34,2","1,00"
34,1183,Ýstanbul Beþiktaþ,Ýstanbul,Beþiktaþ,"7,0","37,4","0,97","9,0","46,5","0,88","7","38,1","0,96"
34,1185,Ýstanbul Beykoz,Ýstanbul,Beykoz,"6,0","37,8","0,97","8,0","46,2","0,88","5","31,6","1,03"
34,2051,Ýstanbul Beylikdüzü,Ýstanbul,Beylikdüzü,"7,0","39","0,96","6,0","40,6","0,94","4","46,2","0,88"
34,1186,Ýstanbul Beyoðlu,Ýstanbul,Beyoðlu,"2,0","32,5","1,02","7,0","38,1","0,96","5","37,4","0,97"
34,1782,Ýstanbul Büyükçekmece,Ýstanbul,Büyükçekmece,"7,0","41,8","0,93","16,0","46,8","0,88","7","47,8","0,87"
34,1237,Ýstanbul Çatalca,Ýstanbul,Çatalca,"4,0","40,5","0,94","17,0","43,7","0,91","9","41,2","0,93"
34,2052,Ýstanbul Çekmeköy,Ýstanbul,Çekmeköy,"9,0","37,2","0,97","11,0","47,2","0,87","5","45,2","0,89"
34,2016,Ýstanbul Esenler,Ýstanbul,Esenler,"5,0","33,6","1,01","6,0","40,5","0,94","5","40,4","0,94"
34,2053,Ýstanbul Esenyurt,Ýstanbul,Esenyurt,"6,0","34,5","1,00","12,0","43,1","0,91","9","33,1","1,01"
34,1325,Ýstanbul Eyüpsultan,Ýstanbul,Eyüpsultan,"9,0","40,3","0,94","8,0","46,7","0,88","5","38,4","0,96"
34,1327,Ýstanbul Fatih,Ýstanbul,Fatih,"6,0","38,3","0,96","9,0","50,4","0,84","7","39,8","0,95"
34,1336,Ýstanbul Gaziosmanpaþa,Ýstanbul,Gaziosmanpaþa,"5,0","32,6","1,02","8,0","41,6","0,93","5","34,4","1,00"
34,2010,Ýstanbul Güngören,Ýstanbul,Güngören,"3,0","32,6","1,02","7,0","39,5","0,95","4","32,7","1,02"
34,1421,Ýstanbul Kadýköy,Ýstanbul,Kadýköy,"12,0","39,5","0,95","9,0","52,5","0,82","8","42,1","0,92"
34,1810,Ýstanbul Kaðýthane,Ýstanbul,Kaðýthane,"8,0","38","0,97","5,0","39,0","0,96","6","39","0,96"
34,1449,Ýstanbul Kartal,Ýstanbul,Kartal,"10,0","43,2","0,91","10,0","49,0","0,86","9","43,1","0,91"
34,1823,Ýstanbul Küçükçekmece,Ýstanbul,Küçükçekmece,"7,0","35,4","0,99","10,0","48,2","0,86","6","39,8","0,95"
34,2012,Ýstanbul Maltepe,Ýstanbul,Maltepe,"9,0","36,3","0,98","10,0","46,5","0,88","8","44,2","0,90"
34,1835,Ýstanbul Pendik,Ýstanbul,Pendik,"10,0","39,8","0,95","13,0","39,1","0,95","6","47,5","0,87"
34,2054,Ýstanbul Sancaktepe,Ýstanbul,Sancaktepe,"5,0","39,2","0,95","8,0","39,3","0,95","6","34,1","1,00"
34,1604,Ýstanbul Sarýyer,Ýstanbul,Sarýyer,"8,0","37,8","0,97","11,0","45,0","0,89","6","46,5","0,88"
34,1622,Ýstanbul Silivri,Ýstanbul,Silivri,"5,0","33,4","1,01","20,0","44,5","0,90","6","41,8","0,93"
34,2014,Ýstanbul Sultanbeyli,Ýstanbul,Sultanbeyli,"7,0","37,5","0,97","8,0","44,2","0,90","6","43,8","0,91"
34,2055,Ýstanbul Sultangazi,Ýstanbul,Sultangazi,"5,0","34","1,01","4,0","35,2","0,99","4","32","1,03"
34,1659,Ýstanbul Þile,Ýstanbul,Þile,"3,0","31","1,04","9,0","40,4","0,94","5","35,8","0,99"
34,1663,Ýstanbul Þiþli,Ýstanbul,Þiþli,"6,0","38,3","0,96","6,0","41,3","0,93","5","39,6","0,95"
34,2015,Ýstanbul Tuzla,Ýstanbul,Tuzla,"6,0","37,5","0,97","12,0","40,2","0,94","8","34,1","1,00"
34,1852,Ýstanbul Ümraniye,Ýstanbul,Ümraniye,"8,0","35,2","0,99","7,0","34,7","1,00","7","40,8","0,94"
34,1708,Ýstanbul Üsküdar,Ýstanbul,Üsküdar,"11,0","36,7","0,98","7,0","41,8","0,93","8","38,6","0,96"
34,1739,Ýstanbul Zeytinburnu,Ýstanbul,Zeytinburnu,"7,0","33,7","1,01","7,0","39,2","0,95","6","37,8","0,97"
35,1128,Ýzmir Aliaða,Ýzmir,Aliaða,"7,0","37,7","0,97","15,0","43,8","0,91","6","48,6","0,86"
35,2006,Ýzmir Balçova,Ýzmir,Balçova,"6,0","44,6","0,90","12,0","48,2","0,86","5","49,8","0,85"
35,1178,Ýzmir Bayýndýr,Ýzmir,Bayýndýr,"1,0","26","1,09","12,0","46,3","0,88","14","41,5","0,93"
35,2056,Ýzmir Bayraklý,Ýzmir,Bayraklý,"7,0","40,5","0,94","12,0","46,9","0,88","6","44,5","0,90"
35,1181,Ýzmir Bergama,Ýzmir,Bergama,"4,0","36,2","0,98","15,0","46,8","0,88","19","39,6","0,95"
35,1776,Ýzmir Beydað,Ýzmir,Beydað,"2,0","35,5","0,99","6,0","42,0","0,92","7","42,4","0,92"
35,1203,Ýzmir Bornova,Ýzmir,Bornova,"10,0","38,9","0,96","18,0","45,2","0,89","10","48,9","0,86"
35,1780,Ýzmir Buca,Ýzmir,Buca,"9,0","39,6","0,95","14,0","52,6","0,82","10","41","0,94"
35,1251,Ýzmir Çeþme,Ýzmir,Çeþme,"2,0","38,5","0,96","8,0","45,2","0,89","5","46,2","0,88"
35,2007,Ýzmir Çiðli,Ýzmir,Çiðli,"7,0","42,2","0,92","17,0","45,0","0,9","9","46,4","0,88"
35,1280,Ýzmir Dikili,Ýzmir,Dikili,"3,0","40,3","0,94","8,0","47,6","0,87","7","45","0,9"
35,1334,Ýzmir Foça,Ýzmir,Foça,"2,0","36","0,99","12,0","42,0","0,92","7","41,4","0,93"
35,2009,Ýzmir Gaziemir,Ýzmir,Gaziemir,"3,0","40,3","0,94","13,0","46,2","0,88","5","43,8","0,91"
35,2018,Ýzmir Güzelbahçe,Ýzmir,Güzelbahçe,"2,0","45","0,9","11,0","46,0","0,88","5","45,8","0,89"
35,2057,Ýzmir Karabaðlar,Ýzmir,Karabaðlar,"8,0","43,5","0,91","9,0","48,0","0,87","7","43,2","0,91"
35,1432,Ýzmir Karaburun,Ýzmir,Karaburun,"3,0","37,6","0,97","5,0","36,8","0,98","3","41","0,94"
35,1448,Ýzmir Karþýyaka,Ýzmir,Karþýyaka,"7,0","41,2","0,93","12,0","47,0","0,88","7","47","0,88"
35,1461,Ýzmir Kemalpaþa,Ýzmir,Kemalpaþa,"2,0","40,5","0,94","23,0","44,0","0,90","17","39,6","0,95"
35,1467,Ýzmir Kýnýk,Ýzmir,Kýnýk,"2,0","41,5","0,93","7,0","43,2","0,91","8","41,2","0,93"
35,1477,Ýzmir Kiraz,Ýzmir,Kiraz,"1,0","32","1,03","10,0","37,2","0,97","16","42,6","0,92"
35,1819,Ýzmir Konak,Ýzmir,Konak,"11,0","38,4","0,96","13,0","46,6","0,88","6","42,5","0,92"
35,1826,Ýzmir Menderes,Ýzmir,Menderes,"3,0","36,6","0,98","18,0","43,3","0,91","11","42,7","0,92"
35,1521,Ýzmir Menemen,Ýzmir,Menemen,"4,0","39,2","0,95","23,0","44,5","0,90","12","37,7","0,97"
35,2013,Ýzmir Narlýdere,Ýzmir,Narlýdere,"2,0","45","0,9","6,0","47,3","0,87","5","39","0,96"
35,1563,Ýzmir Ödemiþ,Ýzmir,Ödemiþ,"4,0","40,5","0,94","25,0","45,4","0,89","19","44,7","0,90"
35,1611,Ýzmir Seferihisar,Ýzmir,Seferihisar,"3,0","41,3","0,93","14,0","46,9","0,88","10","42,9","0,92"
35,1612,Ýzmir Selçuk,Ýzmir,Selçuk,"2,0","43,5","0,91","7,0","40,0","0,95","4","42","0,92"
35,1677,Ýzmir Tire,Ýzmir,Tire,"3,0","36,6","0,98","19,0","44,3","0,90","18","41,6","0,93"
35,1682,Ýzmir Torbalý,Ýzmir,Torbalý,"4,0","38","0,97","17,0","45,0","0,89","11","44,5","0,90"
35,1703,Ýzmir Urla,Ýzmir,Urla,"4,0","41,5","0,93","14,0","47,0","0,88","7","51,7","0,83"
46,1107,Kahramanmaraþ Afþin,Kahramanmaraþ,Afþin,,"0","0","11,0","38,9","0,96","6","42,3","0,92"
46,1136,Kahramanmaraþ Andýrýn,Kahramanmaraþ,Andýrýn,,"0","0","6,0","35,0","1","4","38,5","0,96"
46,1785,Kahramanmaraþ Çaðlayancerit,Kahramanmaraþ,Çaðlayancerit,,"0","0","3,0","38,6","0,96","5","29,6","1,05"
46,2084,Kahramanmaraþ Dulkadiroðlu,Kahramanmaraþ,Dulkadiroðlu,"2,0","34,5","1,00","30,0","46,9","0,88","16","43","0,92"
46,1919,Kahramanmaraþ Ekinözü,Kahramanmaraþ,Ekinözü,,"0","0","4,0","30,2","1,04","4","30,7","1,04"
46,1299,Kahramanmaraþ Elbistan,Kahramanmaraþ,Elbistan,"3,0","36,6","0,98","21,0","39,8","0,95","16","40,8","0,94"
46,1353,Kahramanmaraþ Göksun,Kahramanmaraþ,Göksun,"2,0","32,5","1,02","14,0","36,5","0,98","10","35,4","0,99"
46,1975,Kahramanmaraþ Nurhak,Kahramanmaraþ,Nurhak,,"0","0","2,0","31,0","1,04","5","34","1,01"
46,2085,Kahramanmaraþ Onikiþubat,Kahramanmaraþ,Onikiþubat,"4,0","44,5","0,90","26,0","49,4","0,85","19","39,5","0,95"
46,1570,Kahramanmaraþ Pazarcýk,Kahramanmaraþ,Pazarcýk,"2,0","36,5","0,98","19,0","44,1","0,90","15","36,8","0,98"
46,1694,Kahramanmaraþ Türkoðlu,Kahramanmaraþ,Türkoðlu,"1,0","35","1","14,0","40,2","0,94","7","41,4","0,93"
78,1296,Karabük Eflani,Karabük,Eflani,,"0","0","2,0","31,5","1,03","3","35","1"
78,1321,Karabük Eskipazar,Karabük,Eskipazar,,"0","0","3,0","43,6","0,91","3","33,3","1,01"
78,1561,Karabük Ovacýk,Karabük,Ovacýk,,"0","0","1,0","30,0","1,05","1","40","0,95"
78,1587,Karabük Safranbolu,Karabük,Safranbolu,"1,0","35","1","9,0","49,2","0,85","5","42","0,92"
78,1856,Karabük Yenice,Karabük,Yenice,,"0","0","3,0","34,6","1,00","1","36","0,99"
70,1768,Karaman Ayrancý,Karaman,Ayrancý,,"0","0","5,0","44,0","0,91","6","39","0,96"
70,1884,Karaman Baþyayla,Karaman,Baþyayla,,"0","0","1,0","34,0","1,01","2","47,5","0,87"
70,1316,Karaman Ermenek,Karaman,Ermenek,"1,0","32","1,03","5,0","39,8","0,95","5","38,6","0,96"
70,1862,Karaman Kazýmkarabekir,Karaman,Kazýmkarabekir,,"0","0","7,0","37,5","0,97","4","34,7","1,00"
70,1983,Karaman Sarýveliler,Karaman,Sarýveliler,,"0","0","4,0","34,2","1,00","1","28","1,07"
36,1756,Kars Akyaka,Kars,Akyaka,,"0","0","5,0","30,4","1,04","8","32,2","1,02"
36,1149,Kars Arpaçay,Kars,Arpaçay,,"0","0","6,0","32,6","1,02","12","32,8","1,02"
36,1279,Kars Digor,Kars,Digor,,"0","0","5,0","30,2","1,04","7","32,8","1,02"
36,1424,Kars Kaðýzman,Kars,Kaðýzman,"1,0","38","0,97","7,0","34,7","1,00","9","30","1,05"
36,1601,Kars Sarýkamýþ,Kars,Sarýkamýþ,"1,0","31","1,04","7,0","32,1","1,02","6","27,8","1,07"
36,1614,Kars Selim,Kars,Selim,,"0","0","5,0","36,0","0,99","6","31","1,04"
36,1645,Kars Susuz,Kars,Susuz,,"0","0","3,0","34,0","1,01","4","31,2","1,03"
37,1101,Kastamonu Abana,Kastamonu,Abana,,"0","0","4,0","36,7","0,98","1","39","0,96"
37,1867,Kastamonu Aðlý,Kastamonu,Aðlý,,"0","0","3,0","36,0","0,99","3","34","1,01"
37,1140,Kastamonu Araç,Kastamonu,Araç,"1,0","32","1,03","5,0","37,2","0,97","5","31,2","1,03"
37,1162,Kastamonu Azdavay,Kastamonu,Azdavay,,"0","0","1,0","35,0","1","1","28","1,07"
37,1208,Kastamonu Bozkurt,Kastamonu,Bozkurt,,"0","0","3,0","37,6","0,97","2","31","1,04"
37,1221,Kastamonu Cide,Kastamonu,Cide,,"0","0","4,0","33,7","1,01","5","32","1,03"
37,1238,Kastamonu Çatalzeytin,Kastamonu,Çatalzeytin,,"0","0","1,0","39,0","0,96","1","28","1,07"
37,1264,Kastamonu Daday,Kastamonu,Daday,,"0","0","4,0","41,0","0,94","5","41,8","0,93"
37,1277,Kastamonu Devrekani,Kastamonu,Devrekani,,"0","0","5,0","32,8","1,02","9","35,6","0,99"
37,1915,Kastamonu Doðanyurt,Kastamonu,Doðanyurt,,"0","0","1,0","32,0","1,03","1","26","1,09"
37,1940,Kastamonu Hanönü,Kastamonu,Hanönü,,"0","0","4,0","36,2","0,98","3","32,6","1,02"
37,1805,Kastamonu Ýhsangazi,Kastamonu,Ýhsangazi,,"0","0","3,0","39,0","0,96","4","33,5","1,01"
37,1410,Kastamonu Ýnebolu,Kastamonu,Ýnebolu,"1,0","29","1,06","5,0","34,4","1,00","4","46,7","0,88"
37,1499,Kastamonu Küre,Kastamonu,Küre,,"0","0","2,0","30,0","1,05","3","36,3","0,98"
37,1836,Kastamonu Pýnarbaþý,Kastamonu,Pýnarbaþý,,"0","0","2,0","31,0","1,04","1","29","1,06"
37,1984,Kastamonu Seydiler,Kastamonu,Seydiler,,"0","0","3,0","34,0","1,01","4","35","1"
37,1845,Kastamonu Þenpazar,Kastamonu,Þenpazar,,"0","0","1,0","35,0","1","2","31,5","1,03"
37,1666,Kastamonu Taþköprü,Kastamonu,Taþköprü,"1,0","43","0,92","6,0","35,6","0,99","8","36,5","0,98"
37,1685,Kastamonu Tosya,Kastamonu,Tosya,"1,0","33","1,02","5,0","50,2","0,84","2","35,5","0,99"
38,1752,Kayseri Akkýþla,Kayseri,Akkýþla,,"0","0","3,0","31,6","1,03","5","36,6","0,98"
38,1218,Kayseri Bünyan,Kayseri,Bünyan,"1,0","36","0,99","12,0","42,3","0,92","11","43,1","0,91"
38,1275,Kayseri Develi,Kayseri,Develi,"2,0","39,5","0,95","9,0","40,7","0,94","13","40,7","0,94"
38,1330,Kayseri Felahiye,Kayseri,Felahiye,,"0","0","6,0","43,3","0,91","3","41,6","0,93"
38,1936,Kayseri Hacýlar,Kayseri,Hacýlar,"1,0","35","1","5,0","45,6","0,89","3","49,6","0,85"
38,1409,Kayseri Ýncesu,Kayseri,Ýncesu,,"0","0","9,0","43,4","0,91","6","44,6","0,90"
38,1863,Kayseri Kocasinan,Kayseri,Kocasinan,"12,0","40,3","0,94","26,0","45,7","0,89","29","43,8","0,91"
38,1864,Kayseri Melikgazi,Kayseri,Melikgazi,"15,0","40,1","0,94","14,0","46,2","0,88","13","41,3","0,93"
38,1978,Kayseri Özvatan,Kayseri,Özvatan,,"0","0","2,0","36,0","0,99","2","43,5","0,91"
38,1576,Kayseri Pýnarbaþý,Kayseri,Pýnarbaþý,"1,0","38","0,97","4,0","37,7","0,97","8","41,2","0,93"
38,1603,Kayseri Sarýoðlan,Kayseri,Sarýoðlan,,"0","0","7,0","44,2","0,90","5","38,2","0,96"
38,1605,Kayseri Sarýz,Kayseri,Sarýz,,"0","0","5,0","36,6","0,98","6","30,6","1,04"
38,1846,Kayseri Talas,Kayseri,Talas,"2,0","41","0,94","8,0","43,6","0,91","5","51,6","0,83"
38,1680,Kayseri Tomarza,Kayseri,Tomarza,"1,0","33","1,02","10,0","44,0","0,91","8","40,1","0,94"
38,1715,Kayseri Yahyalý,Kayseri,Yahyalý,,"0","0","5,0","41,6","0,93","9","36,5","0,98"
38,1727,Kayseri Yeþilhisar,Kayseri,Yeþilhisar,"1,0","34","1,01","9,0","40,7","0,94","3","31","1,04"
71,1880,Kýrýkkale Bahþýlý,Kýrýkkale,Bahþýlý,,"0","0","5,0","38,4","0,96","4","43,2","0,91"
71,1882,Kýrýkkale Balýþeyh,Kýrýkkale,Balýþeyh,,"0","0","6,0","36,8","0,98","4","39,2","0,95"
71,1901,Kýrýkkale Çelebi,Kýrýkkale,Çelebi,,"0","0","6,0","35,5","0,99","3","28,6","1,06"
71,1268,Kýrýkkale Delice,Kýrýkkale,Delice,,"0","0","5,0","34,6","1,00","5","33","1,02"
71,1954,Kýrýkkale Karakeçili,Kýrýkkale,Karakeçili,,"0","0","4,0","34,5","1,00","3","35,6","0,99"
71,1463,Kýrýkkale Keskin,Kýrýkkale,Keskin,"1,0","37","0,98","8,0","40,1","0,94","6","44","0,91"
71,1638,Kýrýkkale Sulakyurt,Kýrýkkale,Sulakyurt,,"0","0","3,0","31,0","1,04","2","28","1,07"
71,1992,Kýrýkkale Yahþihan,Kýrýkkale,Yahþihan,,"0","0","6,0","49,1","0,85","5","42,6","0,92"
39,1163,Kýrklareli Babaeski,Kýrklareli,Babaeski,"3,0","43,3","0,91","12,0","42,6","0,92","6","41,1","0,93"
39,1270,Kýrklareli Demirköy,Kýrklareli,Demirköy,,"0","0","3,0","40,0","0,95","5","35","1"
39,1480,Kýrklareli Kofçaz,Kýrklareli,Kofçaz,,"0","0","2,0","30,5","1,04","3","42,3","0,92"
39,1505,Kýrklareli Lüleburgaz,Kýrklareli,Lüleburgaz,"4,0","32,5","1,02","17,0","43,4","0,91","17","39,1","0,95"
39,1572,Kýrklareli Pehlivanköy,Kýrklareli,Pehlivanköy,,"0","0","3,0","31,6","1,03","3","32","1,03"
39,1577,Kýrklareli Pýnarhisar,Kýrklareli,Pýnarhisar,,"0","0","4,0","33,5","1,01","5","36,6","0,98"
39,1714,Kýrklareli Vize,Kýrklareli,Vize,"1,0","45","0,9","5,0","33,6","1,01","8","39,6","0,95"
40,1869,Kýrþehir Akçakent,Kýrþehir,Akçakent,,"0","0","4,0","34,0","1,01","2","32","1,03"
40,1754,Kýrþehir Akpýnar,Kýrþehir,Akpýnar,,"0","0","6,0","32,5","1,02","2","33","1,02"
40,1890,Kýrþehir Boztepe,Kýrþehir,Boztepe,,"0","0","9,0","33,0","1,02","6","41","0,94"
40,1254,Kýrþehir Çiçekdaðý,Kýrþehir,Çiçekdaðý,,"0","0","8,0","36,5","0,98","5","41","0,94"
40,1429,Kýrþehir Kaman,Kýrþehir,Kaman,"1,0","27","1,08","9,0","50,0","0,85","8","46,2","0,88"
40,1529,Kýrþehir Mucur,Kýrþehir,Mucur,,"0","0","9,0","39,7","0,95","7","38,7","0,96"
79,2023,Kilis Elbeyli,Kilis,Elbeyli,,"0","0","8,0","33,8","1,01","3","37,3","0,97"
79,2024,Kilis Musabeyli,Kilis,Musabeyli,,"0","0","4,0","31,0","1,04","3","33,6","1,01"
79,2025,Kilis Polateli,Kilis,Polateli,,"0","0","5,0","38,2","0,96","4","30,7","1,04"
41,2058,Kocaeli Baþiskele,Kocaeli,Baþiskele,"1,0","36","0,99","5,0","44,2","0,90","6","42,6","0,92"
41,2059,Kocaeli Çayýrova,Kocaeli,Çayýrova,"1,0","32","1,03","4,0","44,0","0,91","2","34,5","1,00"
41,2060,Kocaeli Darýca,Kocaeli,Darýca,"2,0","37","0,98","5,0","44,2","0,90","4","42","0,92"
41,2030,Kocaeli Derince,Kocaeli,Derince,"3,0","37,6","0,97","7,0","46,2","0,88","3","47","0,88"
41,2061,Kocaeli Dilovasý,Kocaeli,Dilovasý,"2,0","30,5","1,04","1,0","48,0","0,87","3","41,3","0,93"
41,1338,Kocaeli Gebze,Kocaeli,Gebze,"6,0","34,1","1,00","11,0","42,1","0,92","5","41,2","0,93"
41,1355,Kocaeli Gölcük,Kocaeli,Gölcük,"3,0","38","0,97","6,0","49,3","0,85","3","46","0,89"
41,2062,Kocaeli Ýzmit,Kocaeli,Ýzmit,"9,0","39,6","0,95","12,0","46,0","0,89","11","45,9","0,89"
41,1430,Kocaeli Kandýra,Kocaeli,Kandýra,"1,0","37","0,98","12,0","40,7","0,94","9","46,6","0,88"
41,1440,Kocaeli Karamürsel,Kocaeli,Karamürsel,"2,0","35","1","11,0","46,8","0,88","3","38,3","0,96"
41,2063,Kocaeli Kartepe,Kocaeli,Kartepe,"1,0","34","1,01","7,0","41,0","0,94","4","37,2","0,97"
41,1821,Kocaeli Körfez,Kocaeli,Körfez,"4,0","40,7","0,94","10,0","47,4","0,87","4","42,5","0,92"
42,1868,Konya Ahýrlý,Konya,Ahýrlý,,"0","0","1,0","29,0","1,06","3","39,3","0,95"
42,1753,Konya Akören,Konya,Akören,,"0","0","9,0","40,4","0,94","5","40","0,95"
42,1122,Konya Akþehir,Konya,Akþehir,"2,0","32","1,03","20,0","46,9","0,88","10","40,1","0,94"
42,1760,Konya Altýnekin,Konya,Altýnekin,"1,0","34","1,01","14,0","39,9","0,95","4","42,5","0,92"
42,1188,Konya Beyþehir,Konya,Beyþehir,"1,0","30","1,05","23,0","46,1","0,88","15","42","0,92"
42,1207,Konya Bozkýr,Konya,Bozkýr,"1,0","35","1","4,0","35,0","1","4","44","0,91"
42,1222,Konya Cihanbeyli,Konya,Cihanbeyli,"2,0","33,5","1,01","11,0","38,0","0,97","8","39,2","0,95"
42,1902,Konya Çeltik,Konya,Çeltik,,"0","0","5,0","35,2","0,99","2","30,5","1,04"
42,1262,Konya Çumra,Konya,Çumra,"2,0","41","0,94","23,0","43,6","0,91","20","40,1","0,94"
42,1907,Konya Derbent,Konya,Derbent,,"0","0","4,0","40,2","0,94","3","37,3","0,97"
42,1789,Konya Derebucak,Konya,Derebucak,,"0","0","3,0","32,6","1,02","3","39,6","0,95"
42,1285,Konya Doðanhisar,Konya,Doðanhisar,,"0","0","7,0","39,4","0,95","2","41","0,94"
42,1920,Konya Emirgazi,Konya,Emirgazi,,"0","0","5,0","38,4","0,96","4","34","1,01"
42,1312,Konya Ereðli,Konya,Ereðli,"4,0","43,7","0,91","22,0","43,8","0,91","25","44,8","0,90"
42,1933,Konya Güneysýnýr,Konya,Güneysýnýr,,"0","0","5,0","41,0","0,94","5","39","0,96"
42,1375,Konya Hadim,Konya,Hadim,,"0","0","4,0","30,5","1,04","1","36","0,99"
42,1937,Konya Halkapýnar,Konya,Halkapýnar,,"0","0","5,0","42,8","0,92","4","42","0,92"
42,1804,Konya Hüyük,Konya,Hüyük,"1,0","37","0,98","5,0","36,4","0,98","4","38,5","0,96"
42,1400,Konya Ilgýn,Konya,Ilgýn,"2,0","31","1,04","12,0","44,2","0,90","12","39,4","0,95"
42,1422,Konya Kadýnhaný,Konya,Kadýnhaný,"1,0","43","0,92","17,0","41,7","0,93","8","41,5","0,93"
42,1441,Konya Karapýnar,Konya,Karapýnar,"2,0","36","0,99","10,0","37,3","0,97","14","43,3","0,91"
42,1814,Konya Karatay,Konya,Karatay,"8,0","38,8","0,96","33,0","47,2","0,87","24","46,5","0,88"
42,1491,Konya Kulu,Konya,Kulu,"1,0","35","1","9,0","32,1","1,02","8","30,1","1,04"
42,1827,Konya Meram,Konya,Meram,"7,0","42,1","0,92","31,0","46,3","0,88","19","47,3","0,87"
42,1598,Konya Sarayönü,Konya,Sarayönü,,"0","0","17,0","43,2","0,91","8","41,7","0,93"
42,1839,Konya Selçuklu,Konya,Selçuklu,"10,0","38,8","0,96","30,0","45,6","0,89","15","45,2","0,89"
42,1617,Konya Seydiþehir,Konya,Seydiþehir,"2,0","39,5","0,95","16,0","47,3","0,87","9","43,4","0,91"
42,1848,Konya Taþkent,Konya,Taþkent,,"0","0","3,0","32,0","1,03","1","30","1,05"
42,1990,Konya Tuzlukçu,Konya,Tuzlukçu,,"0","0","3,0","50,3","0,84","4","41,5","0,93"
42,1994,Konya Yalýhüyük,Konya,Yalýhüyük,,"0","0","2,0","36,0","0,99","3","35","1"
42,1735,Konya Yunak,Konya,Yunak,,"0","0","10,0","30,2","1,04","4","27,7","1,07"
43,1132,Kütahya Altýntaþ,Kütahya,Altýntaþ,,"0","0","6,0","36,3","0,98","5","38,8","0,96"
43,1764,Kütahya Aslanapa,Kütahya,Aslanapa,,"0","0","5,0","40,4","0,94","3","33,3","1,01"
43,1898,Kütahya Çavdarhisar,Kütahya,Çavdarhisar,,"0","0","3,0","40,6","0,94","4","41","0,94"
43,1288,Kütahya Domaniç,Kütahya,Domaniç,,"0","0","6,0","38,0","0,97","4","43,5","0,91"
43,1790,Kütahya Dumlupýnar,Kütahya,Dumlupýnar,,"0","0","3,0","31,3","1,03","4","31,7","1,03"
43,1304,Kütahya Emet,Kütahya,Emet,,"0","0","5,0","35,0","1","4","37,2","0,97"
43,1339,Kütahya Gediz,Kütahya,Gediz,"2,0","34,5","1,00","7,0","43,2","0,91","5","32,4","1,02"
43,1802,Kütahya Hisarcýk,Kütahya,Hisarcýk,,"0","0","4,0","33,7","1,01","2","29,5","1,05"
43,1979,Kütahya Pazarlar,Kütahya,Pazarlar,,"0","0","4,0","33,0","1,02","3","38,3","0,96"
43,1625,Kütahya Simav,Kütahya,Simav,"2,0","34,5","1,00","10,0","44,0","0,91","8","32,8","1,02"
43,1843,Kütahya Þaphane,Kütahya,Þaphane,,"0","0","3,0","36,3","0,98","3","30,3","1,04"
43,1671,Kütahya Tavþanlý,Kütahya,Tavþanlý,"1,0","38","0,97","13,0","41,8","0,93","10","40,5","0,94"
44,1114,Malatya Akçadað,Malatya,Akçadað,"1,0","30","1,05","14,0","42,9","0,92","11","47,2","0,87"
44,1143,Malatya Arapgir,Malatya,Arapgir,,"0","0","4,0","38,7","0,96","4","35","1"
44,1148,Malatya Arguvan,Malatya,Arguvan,,"0","0","6,0","32,5","1,02","4","38","0,97"
44,1772,Malatya Battalgazi,Malatya,Battalgazi,"5,0","41","0,94","25,0","46,0","0,88","17","47,1","0,87"
44,1265,Malatya Darende,Malatya,Darende,"1,0","30","1,05","6,0","36,6","0,98","6","31,3","1,03"
44,1286,Malatya Doðanþehir,Malatya,Doðanþehir,"1,0","34","1,01","8,0","37,2","0,97","5","35,8","0,99"
44,1914,Malatya Doðanyol,Malatya,Doðanyol,,"0","0","3,0","30,0","1,05","2","29,5","1,05"
44,1390,Malatya Hekimhan,Malatya,Hekimhan,,"0","0","5,0","29,6","1,05","3","35,3","0,99"
44,1953,Malatya Kale,Malatya,Kale,"1,0","59","0,76","7,0","42,0","0,92","3","40","0,95"
44,1969,Malatya Kuluncak,Malatya,Kuluncak,,"0","0","4,0","30,5","1,04","4","32,7","1,02"
44,1582,Malatya Pütürge,Malatya,Pütürge,,"0","0","6,0","33,6","1,01","4","30","1,05"
44,1995,Malatya Yazýhan,Malatya,Yazýhan,,"0","0","12,0","36,0","0,99","6","39","0,96"
44,1729,Malatya Yeþilyurt,Malatya,Yeþilyurt,"3,0","36,3","0,98","21,0","48,9","0,86","19","47,0","0,87"
45,1751,Manisa Ahmetli,Manisa,Ahmetli,"2,0","34,5","1,00","9,0","42,0","0,92","5","35,2","0,99"
45,1118,Manisa Akhisar,Manisa,Akhisar,"4,0","36,2","0,98","24,0","43,0","0,91","15","44,0","0,90"
45,1127,Manisa Alaþehir,Manisa,Alaþehir,"1,0","39","0,96","10,0","41,3","0,93","12","43,7","0,91"
45,1269,Manisa Demirci,Manisa,Demirci,,"0","0","4,0","39,2","0,95","6","37","0,98"
45,1793,Manisa Gölmarmara,Manisa,Gölmarmara,"1,0","35","1","5,0","38,4","0,96","5","38,2","0,96"
45,1362,Manisa Gördes,Manisa,Gördes,"2,0","36,5","0,98","6,0","34,5","1,00","5","44","0,91"
45,1470,Manisa Kýrkaðaç,Manisa,Kýrkaðaç,"1,0","34","1,01","6,0","47,1","0,87","7","35","1"
45,1965,Manisa Köprübaþý,Manisa,Köprübaþý,"1,0","25","1,1","3,0","37,0","0,98","6","37,5","0,97"
45,1489,Manisa Kula,Manisa,Kula,"1,0","44","0,91","11,0","39,8","0,95","11","36,4","0,98"
45,1590,Manisa Salihli,Manisa,Salihli,"11,0","41,1","0,93","32,0","43,8","0,91","22","45,3","0,89"
45,1600,Manisa Sarýgöl,Manisa,Sarýgöl,"2,0","39","0,96","9,0","39,5","0,95","5","40,4","0,94"
45,1606,Manisa Saruhanlý,Manisa,Saruhanlý,"1,0","47","0,88","12,0","44,2","0,90","6","40,6","0,94"
45,1613,Manisa Selendi,Manisa,Selendi,,"0","0","3,0","34,3","1,00","6","36,8","0,98"
45,1634,Manisa Soma,Manisa,Soma,"2,0","47","0,88","11,0","43,0","0,91","8","38,8","0,96"
45,2086,Manisa Þehzadeler,Manisa,Þehzadeler,"5,0","37,6","0,97","13,0","46,8","0,88","8","43,3","0,91"
45,1689,Manisa Turgutlu,Manisa,Turgutlu,"5,0","37,8","0,97","20,0","44,8","0,90","13","40,8","0,94"
45,2087,Manisa Yunusemre,Manisa,Yunusemre,"6,0","42,3","0,92","11,0","50,2","0,84","7","39","0,96"
47,2088,Mardin Artuklu,Mardin,Artuklu,"2,0","43","0,92","20,0","36,9","0,98","13","38,9","0,96"
47,1787,Mardin Dargeçit,Mardin,Dargeçit,"1,0","40","0,95","9,0","34,3","1,00","3","37","0,98"
47,1273,Mardin Derik,Mardin,Derik,"1,0","37","0,98","16,0","37,0","0,97","8","33,7","1,01"
47,1474,Mardin Kýzýltepe,Mardin,Kýzýltepe,"1,0","33","1,02","31,0","43,0","0,91","16","46,3","0,88"
47,1519,Mardin Mazýdaðý,Mardin,Mazýdaðý,"1,0","36","0,99","12,0","35,2","0,99","5","42","0,92"
47,1526,Mardin Midyat,Mardin,Midyat,"1,0","37","0,98","8,0","35,3","0,99","10","41,2","0,93"
47,1547,Mardin Nusaybin,Mardin,Nusaybin,,"0","0","17,0","42,9","0,92","6","39,1","0,95"
47,1564,Mardin Ömerli,Mardin,Ömerli,,"0","0","9,0","34,8","1,00","5","32","1,03"
47,1609,Mardin Savur,Mardin,Savur,,"0","0","9,0","33,8","1,01","6","33,3","1,01"
47,2002,Mardin Yeþilli,Mardin,Yeþilli,,"0","0","7,0","35,5","0,99","3","44","0,91"
33,2064,Mersin Akdeniz,Mersin,Akdeniz,"10,0","44,7","0,90","44,0","45,5","0,89","19","46,7","0,88"
33,1135,Mersin Anamur,Mersin,Anamur,"5,0","38,6","0,96","16,0","41,7","0,93","8","48,8","0,86"
33,1766,Mersin Aydýncýk,Mersin,Aydýncýk,"1,0","36","0,99","6,0","44,5","0,90","3","38,3","0,96"
33,1779,Mersin Bozyazý,Mersin,Bozyazý,"1,0","45","0,9","15,0","43,2","0,91","5","40,6","0,94"
33,1892,Mersin Çamlýyayla,Mersin,Çamlýyayla,,"0","0","7,0","38,7","0,96","6","38,1","0,96"
33,1311,Mersin Erdemli,Mersin,Erdemli,"6,0","40,5","0,94","43,0","45,6","0,89","22","48,8","0,86"
33,1366,Mersin Gülnar,Mersin,Gülnar,"1,0","35","1","7,0","35,5","0,99","8","34,6","1,00"
33,2065,Mersin Mezitli,Mersin,Mezitli,"5,0","39,6","0,95","23,0","44,6","0,90","13","44,0","0,90"
33,1536,Mersin Mut,Mersin,Mut,,"0","0","15,0","43,7","0,91","12","40,5","0,94"
33,1621,Mersin Silifke,Mersin,Silifke,"2,0","39,5","0,95","27,0","45,0","0,89","17","43,7","0,91"
33,1665,Mersin Tarsus,Mersin,Tarsus,"8,0","37,7","0,97","34,0","44,1","0,90","21","45,4","0,89"
33,2066,Mersin Toroslar,Mersin,Toroslar,"9,0","41,5","0,93","26,0","41,4","0,93","14","45,4","0,89"
33,2067,Mersin Yeniþehir,Mersin,Yeniþehir,"8,0","40,7","0,94","15,0","49,9","0,85","10","48","0,87"
48,1197,Muðla Bodrum,Muðla,Bodrum,"9,0","34,7","1,00","9,0","40,1","0,94","6","37,1","0,97"
48,1742,Muðla Dalaman,Muðla,Dalaman,"2,0","34,5","1,00","11,0","47,4","0,87","6","41,5","0,93"
48,1266,Muðla Datça,Muðla,Datça,"1,0","40","0,95","8,0","49,0","0,86","5","45","0,9"
48,1331,Muðla Fethiye,Muðla,Fethiye,"8,0","39,1","0,95","25,0","46,9","0,88","14","50,7","0,84"
48,1958,Muðla Kavaklýdere,Muðla,Kavaklýdere,,"0","0","5,0","38,8","0,96","3","40","0,95"
48,1488,Muðla Köyceðiz,Muðla,Köyceðiz,"2,0","42,5","0,92","10,0","47,3","0,87","10","41","0,94"
48,1517,Muðla Marmaris,Muðla,Marmaris,"7,0","36,4","0,98","13,0","42,8","0,92","8","43,7","0,91"
48,2089,Muðla Menteþe,Muðla,Menteþe,"7,0","40,7","0,94","18,0","45,0","0,9","15","44,6","0,90"
48,1528,Muðla Milas,Muðla,Milas,"6,0","39,5","0,95","19,0","46,3","0,88","19","42,1","0,92"
48,1831,Muðla Ortaca,Muðla,Ortaca,"4,0","38","0,97","17,0","45,4","0,89","9","42,2","0,92"
48,2090,Muðla Seydikemer,Muðla,Seydikemer,"4,0","38","0,97","31,0","42,9","0,92","23","39,2","0,95"
48,1695,Muðla Ula,Muðla,Ula,"2,0","43,5","0,91","8,0","50,6","0,84","8","39","0,96"
48,1719,Muðla Yataðan,Muðla,Yataðan,,"0","0","10,0","42,4","0,92","9","38,7","0,96"
49,1213,Muþ Bulanýk,Muþ,Bulanýk,,"0","0","10,0","33,2","1,01","7","33,8","1,01"
49,1801,Muþ Hasköy,Muþ,Hasköy,,"0","0","6,0","37,5","0,97","3","35","1"
49,1964,Muþ Korkut,Muþ,Korkut,,"0","0","7,0","36,8","0,98","5","29","1,06"
49,1510,Muþ Malazgirt,Muþ,Malazgirt,"1,0","33","1,02","10,0","34,7","1,00","4","33","1,02"
49,1711,Muþ Varto,Muþ,Varto,"1,0","37","0,98","7,0","33,7","1,01","8","34","1,01"
50,1749,Nevþehir Acýgöl,Nevþehir,Acýgöl,,"0","0","4,0","37,0","0,98","5","36,2","0,98"
50,1155,Nevþehir Avanos,Nevþehir,Avanos,"1,0","38","0,97","8,0","46,3","0,88","8","39,1","0,95"
50,1274,Nevþehir Derinkuyu,Nevþehir,Derinkuyu,,"0","0","7,0","38,0","0,97","6","34,5","1,00"
50,1367,Nevþehir Gülþehir,Nevþehir,Gülþehir,"1,0","42","0,92","10,0","38,4","0,96","6","41","0,94"
50,1374,Nevþehir Hacýbektaþ,Nevþehir,Hacýbektaþ,,"0","0","6,0","31,0","1,04","4","37,5","0,97"
50,1485,Nevþehir Kozaklý,Nevþehir,Kozaklý,,"0","0","5,0","29,8","1,05","4","36,5","0,98"
50,1707,Nevþehir Ürgüp,Nevþehir,Ürgüp,"1,0","37","0,98","13,0","47,1","0,87","5","48","0,87"
51,1876,Niðde Altunhisar,Niðde,Altunhisar,,"0","0","6,0","38,5","0,96","3","29,6","1,05"
51,1201,Niðde Bor,Niðde,Bor,,"0","0","12,0","45,3","0,89","9","43","0,92"
51,1225,Niðde Çamardý,Niðde,Çamardý,,"0","0","4,0","34,5","1,00","2","32,5","1,02"
51,1904,Niðde Çiftlik,Niðde,Çiftlik,,"0","0","5,0","30,6","1,04","5","35,4","0,99"
51,1700,Niðde Ulukýþla,Niðde,Ulukýþla,,"0","0","7,0","35,7","0,99","5","38,8","0,96"
52,1119,Ordu Akkuþ,Ordu,Akkuþ,,"0","0","3,0","34,3","1,00","3","29","1,06"
52,2103,Ordu Altýnordu,Ordu,Altýnordu,"3,0","32","1,03","28,0","44,0","0,90","12","45,0","0,89"
52,1158,Ordu Aybastý,Ordu,Aybastý,"1,0","32","1,03","4,0","30,2","1,04","3","37,3","0,97"
52,1891,Ordu Çamaþ,Ordu,Çamaþ,,"0","0","3,0","36,3","0,98","3","44","0,91"
52,1897,Ordu Çatalpýnar,Ordu,Çatalpýnar,,"0","0","5,0","34,0","1,01","4","30,7","1,04"
52,1900,Ordu Çaybaþý,Ordu,Çaybaþý,,"0","0","4,0","37,2","0,97","2","45","0,9"
52,1328,Ordu Fatsa,Ordu,Fatsa,"1,0","31","1,04","19,0","45,1","0,89","9","46,8","0,88"
52,1358,Ordu Gölköy,Ordu,Gölköy,"1,0","35","1","3,0","36,6","0,98","5","29,8","1,05"
52,1795,Ordu Gülyalý,Ordu,Gülyalý,,"0","0","5,0","47,2","0,87","2","46","0,89"
52,1797,Ordu Gürgentepe,Ordu,Gürgentepe,,"0","0","3,0","30,6","1,04","3","33,3","1,01"
52,1947,Ordu Ýkizce,Ordu,Ýkizce,,"0","0","6,0","34,5","1,00","3","33,3","1,01"
52,1950,Ordu Kabadüz,Ordu,Kabadüz,,"0","0","3,0","30,0","1,05","3","37","0,98"
52,1951,Ordu Kabataþ,Ordu,Kabataþ,,"0","0","2,0","39,0","0,96","2","32","1,03"
52,1482,Ordu Korgan,Ordu,Korgan,,"0","0","5,0","32,6","1,02","3","33,6","1,01"
52,1493,Ordu Kumru,Ordu,Kumru,"1,0","36","0,99","4,0","30,5","1,04","3","33","1,02"
52,1525,Ordu Mesudiye,Ordu,Mesudiye,,"0","0","3,0","34,0","1,01","4","30,7","1,04"
52,1573,Ordu Perþembe,Ordu,Perþembe,"1,0","33","1,02","10,0","42,6","0,92","3","42,6","0,92"
52,1696,Ordu Ulubey,Ordu,Ulubey,,"0","0","7,0","38,5","0,96","3","33","1,02"
52,1706,Ordu Ünye,Ordu,Ünye,"2,0","42","0,92","17,0","46,5","0,88","7","44,2","0,90"
80,1165,Osmaniye Bahçe,Osmaniye,Bahçe,"1,0","39","0,96","7,0","38,8","0,96","5","36,6","0,98"
80,1743,Osmaniye Düziçi,Osmaniye,Düziçi,"2,0","46,5","0,88","10,0","47,4","0,87","9","44,6","0,90"
80,2027,Osmaniye Hasanbeyli,Osmaniye,Hasanbeyli,,"0","0","3,0","38,0","0,97","3","39,3","0,95"
80,1423,Osmaniye Kadirli,Osmaniye,Kadirli,"2,0","36,5","0,98","32,0","48,2","0,86","14","42,1","0,92"
80,2028,Osmaniye Sumbas,Osmaniye,Sumbas,,"0","0","10,0","43,6","0,91","5","37,2","0,97"
80,2029,Osmaniye Toprakkale,Osmaniye,Toprakkale,,"0","0","6,0","47,3","0,87","6","40,3","0,94"
53,1146,Rize Ardeþen,Rize,Ardeþen,,"0","0","6,0","46,0","0,89","1","32","1,03"
53,1228,Rize Çamlýhemþin,Rize,Çamlýhemþin,,"0","0","3,0","30,3","1,04","1","32","1,03"
53,1241,Rize Çayeli,Rize,Çayeli,,"0","0","7,0","41,8","0,93","4","39,7","0,95"
53,1908,Rize Derepazarý,Rize,Derepazarý,,"0","0","4,0","44,0","0,91","4","33,5","1,01"
53,1332,Rize Fýndýklý,Rize,Fýndýklý,,"0","0","5,0","38,2","0,96","2","32,5","1,02"
53,1796,Rize Güneysu,Rize,Güneysu,,"0","0","3,0","40,6","0,94","2","30,5","1,04"
53,1943,Rize Hemþin,Rize,Hemþin,,"0","0","3,0","36,3","0,98","3","37,6","0,97"
53,1405,Rize Ýkizdere,Rize,Ýkizdere,,"0","0","2,0","29,0","1,06","2","31","1,04"
53,1949,Rize Ýyidere,Rize,Ýyidere,,"0","0","4,0","44,0","0,91","3","34,3","1,00"
53,1428,Rize Kalkandere,Rize,Kalkandere,,"0","0","3,0","32,6","1,02","1","46","0,89"
53,1569,Rize Pazar,Rize,Pazar,,"0","0","5,0","44,6","0,90","1","30","1,05"
54,2068,Sakarya Adapazarý,Sakarya,Adapazarý,"5,0","36,8","0,98","12,0","40,9","0,94","9","42,8","0,92"
54,1123,Sakarya Akyazý,Sakarya,Akyazý,"1,0","31","1,04","8,0","42,6","0,92","5","39,6","0,95"
54,2069,Sakarya Arifiye,Sakarya,Arifiye,"1,0","37","0,98","5,0","42,0","0,92","2","39","0,96"
54,2070,Sakarya Erenler,Sakarya,Erenler,"4,0","39,2","0,95","9,0","42,1","0,92","7","41,4","0,93"
54,1925,Sakarya Ferizli,Sakarya,Ferizli,,"0","0","4,0","37,0","0,98","3","34,3","1,00"
54,1351,Sakarya Geyve,Sakarya,Geyve,"1,0","36","0,99","7,0","39,5","0,95","3","37,3","0,97"
54,1391,Sakarya Hendek,Sakarya,Hendek,,"0","0","8,0","46,3","0,88","5","40,6","0,94"
54,1955,Sakarya Karapürçek,Sakarya,Karapürçek,,"0","0","1,0","52,0","0,83","3","39,6","0,95"
54,1442,Sakarya Karasu,Sakarya,Karasu,"2,0","41","0,94","7,0","43,8","0,91","6","40,6","0,94"
54,1453,Sakarya Kaynarca,Sakarya,Kaynarca,"1,0","33","1,02","6,0","41,6","0,93","9","39,6","0,95"
54,1818,Sakarya Kocaali,Sakarya,Kocaali,"1,0","36","0,99","7,0","36,1","0,98","5","36,2","0,98"
54,1833,Sakarya Pamukova,Sakarya,Pamukova,"1,0","33","1,02","6,0","39,1","0,95","2","32,5","1,02"
54,1595,Sakarya Sapanca,Sakarya,Sapanca,"2,0","34","1,01","5,0","42,4","0,92","4","42","0,92"
54,2071,Sakarya Serdivan,Sakarya,Serdivan,"3,0","37,6","0,97","7,0","42,2","0,92","6","39,1","0,95"
54,1986,Sakarya Söðütlü,Sakarya,Söðütlü,"1,0","36","0,99","5,0","40,6","0,94","7","43,5","0,91"
54,1847,Sakarya Taraklý,Sakarya,Taraklý,,"0","0","3,0","27,0","1,08","5","34,8","1,00"
55,1125,Samsun Alaçam,Samsun,Alaçam,,"0","0","9,0","42,5","0,92","5","41,2","0,93"
55,1763,Samsun Asarcýk,Samsun,Asarcýk,,"0","0","7,0","39,4","0,95","7","35,5","0,99"
55,2072,Samsun Atakum,Samsun,Atakum,"5,0","46,2","0,88","24,0","49,1","0,85","11","42,8","0,92"
55,1879,Samsun Ayvacýk,Samsun,Ayvacýk,,"0","0","6,0","39,5","0,95","4","39,7","0,95"
55,1164,Samsun Bafra,Samsun,Bafra,"2,0","36,5","0,98","26,0","45,1","0,89","13","42,9","0,92"
55,2073,Samsun Canik,Samsun,Canik,"2,0","42,5","0,92","20,0","48,5","0,86","8","49","0,86"
55,1234,Samsun Çarþamba,Samsun,Çarþamba,,"0","0","32,0","46,4","0,88","13","41","0,94"
55,1386,Samsun Havza,Samsun,Havza,"1,0","37","0,98","8,0","41,3","0,93","7","39,7","0,95"
55,2074,Samsun Ýlkadým,Samsun,Ýlkadým,"7,0","38,5","0,96","17,0","50,1","0,84","7","45,8","0,89"
55,1452,Samsun Kavak,Samsun,Kavak,,"0","0","14,0","42,0","0,92","6","42,3","0,92"
55,1501,Samsun Ladik,Samsun,Ladik,,"0","0","6,0","43,0","0,92","6","37,1","0,97"
55,1838,Samsun Salýpazarý,Samsun,Salýpazarý,,"0","0","7,0","44,0","0,91","5","40,2","0,94"
55,1849,Samsun Tekkeköy,Samsun,Tekkeköy,"3,0","33","1,02","18,0","46,1","0,88","10","42,1","0,92"
55,1676,Samsun Terme,Samsun,Terme,"2,0","41,5","0,93","12,0","42,6","0,92","6","39","0,96"
55,1712,Samsun Vezirköprü,Samsun,Vezirköprü,"1,0","37","0,98","9,0","31,8","1,03","8","31,8","1,03"
55,1993,Samsun Yakakent,Samsun,Yakakent,"1,0","54","0,81","8,0","42,7","0,92","3","39","0,96"
56,1179,Siirt Baykan,Siirt,Baykan,,"0","0","4,0","32,5","1,02","2","25,5","1,09"
56,1317,Siirt Eruh,Siirt,Eruh,,"0","0","4,0","32,2","1,02","4","31","1,04"
56,1495,Siirt Kurtalan,Siirt,Kurtalan,,"0","0","14,0","35,2","0,99","7","33,1","1,01"
56,1575,Siirt Pervari,Siirt,Pervari,,"0","0","7,0","33,1","1,01","4","29","1,06"
56,1662,Siirt Þirvan,Siirt,Þirvan,,"0","0","7,0","30,7","1,04","4","30,5","1,04"
56,1878,Siirt Tillo,Siirt,Tillo,,"0","0","8,0","41,0","0,94","4","37,7","0,97"
57,1156,Sinop Ayancýk,Sinop,Ayancýk,,"0","0","4,0","34,0","1,01","3","34,3","1,00"
57,1204,Sinop Boyabat,Sinop,Boyabat,"1,0","39","0,96","7,0","36,1","0,98","6","41,1","0,93"
57,1910,Sinop Dikmen,Sinop,Dikmen,,"0","0","2,0","30,0","1,05","3","36","0,99"
57,1290,Sinop Duraðan,Sinop,Duraðan,,"0","0","2,0","33,5","1,01","4","39,5","0,95"
57,1314,Sinop Erfelek,Sinop,Erfelek,,"0","0","2,0","36,5","0,98","3","38,6","0,96"
57,1349,Sinop Gerze,Sinop,Gerze,"3,0","42","0,92","5,0","44,4","0,90","6","36,3","0,98"
57,1981,Sinop Saraydüzü,Sinop,Saraydüzü,,"0","0","5,0","39,4","0,95","1","30","1,05"
57,1693,Sinop Türkeli,Sinop,Türkeli,,"0","0","2,0","45,0","0,9","3","34,6","1,00"
58,1870,Sivas Akýncýlar,Sivas,Akýncýlar,,"0","0","2,0","32,0","1,03","1","30","1,05"
58,1875,Sivas Altýnyayla,Sivas,Altýnyayla,,"0","0","6,0","32,0","1,03","4","32,7","1,02"
58,1282,Sivas Divriði,Sivas,Divriði,,"0","0","4,0","30,5","1,04","4","40,2","0,94"
58,1913,Sivas Doðanþar,Sivas,Doðanþar,,"0","0","1,0","34,0","1,01","1","28","1,07"
58,1342,Sivas Gemerek,Sivas,Gemerek,,"0","0","7,0","35,0","1","7","35,1","0,99"
58,1927,Sivas Gölova,Sivas,Gölova,,"0","0","1,0","31,0","1,04","2","28","1,07"
58,1373,Sivas Gürün,Sivas,Gürün,"1,0","41","0,94","12,0","37,1","0,97","4","34,2","1,00"
58,1376,Sivas Hafik,Sivas,Hafik,,"0","0","7,0","35,8","0,99","4","31,2","1,03"
58,1407,Sivas Ýmranlý,Sivas,Ýmranlý,,"0","0","5,0","32,6","1,02","3","29,3","1,05"
58,1431,Sivas Kangal,Sivas,Kangal,,"0","0","2,0","32,5","1,02","2","31","1,04"
58,1484,Sivas Koyulhisar,Sivas,Koyulhisar,,"0","0","3,0","38,3","0,96","1","29","1,06"
58,1646,Sivas Suþehri,Sivas,Suþehri,,"0","0","4,0","37,7","0,97","5","37","0,98"
58,1650,Sivas Þarkýþla,Sivas,Þarkýþla,,"0","0","8,0","41,1","0,93","6","36,5","0,98"
58,1991,Sivas Ulaþ,Sivas,Ulaþ,,"0","0","10,0","35,2","0,99","3","30,6","1,04"
58,1731,Sivas Yýldýzeli,Sivas,Yýldýzeli,"1,0","39","0,96","7,0","38,4","0,96","7","37,7","0,97"
58,1738,Sivas Zara,Sivas,Zara,,"0","0","4,0","37,0","0,98","1","43","0,92"
63,1115,Þanlýurfa Akçakale,Þanlýurfa,Akçakale,"1,0","32","1,03","5,0","35,0","1","9","35,5","0,99"
63,1194,Þanlýurfa Birecik,Þanlýurfa,Birecik,"2,0","37","0,98","13,0","44,3","0,90","10","39,2","0,95"
63,1209,Þanlýurfa Bozova,Þanlýurfa,Bozova,"1,0","36","0,99","15,0","33,5","1,01","6","36,1","0,98"
63,1220,Þanlýurfa Ceylanpýnar,Þanlýurfa,Ceylanpýnar,,"0","0","8,0","33,0","1,02","7","29,8","1,05"
63,2091,Þanlýurfa Eyyübiye,Þanlýurfa,Eyyübiye,"5,0","34","1,01","25,0","44,8","0,90","18","40,5","0,94"
63,1378,Þanlýurfa Halfeti,Þanlýurfa,Halfeti,"1,0","35","1","11,0","43,3","0,91","7","40","0,95"
63,2092,Þanlýurfa Haliliye,Þanlýurfa,Haliliye,"5,0","32","1,03","29,0","42,9","0,92","18","40,5","0,94"
63,1800,Þanlýurfa Harran,Þanlýurfa,Harran,"1,0","36","0,99","13,0","32,4","1,02","6","35","1"
63,1393,Þanlýurfa Hilvan,Þanlýurfa,Hilvan,"1,0","34","1,01","16,0","37,7","0,97","12","37,6","0,97"
63,2093,Þanlýurfa Karaköprü,Þanlýurfa,Karaköprü,"5,0","34,4","1,00","29,0","47,4","0,87","13","43,0","0,91"
63,1630,Þanlýurfa Siverek,Þanlýurfa,Siverek,"1,0","33","1,02","21,0","37,1","0,97","20","36,7","0,98"
63,1643,Þanlýurfa Suruç,Þanlýurfa,Suruç,,"0","0","12,0","41,0","0,93","11","37,9","0,97"
63,1713,Þanlýurfa Viranþehir,Þanlýurfa,Viranþehir,"1,0","34","1,01","14,0","34,1","1,00","8","34,7","1,00"
73,1189,Þýrnak Beytüþþebap,Þýrnak,Beytüþþebap,,"0","0","4,0","34,2","1,00","3","31,6","1,03"
73,1223,Þýrnak Cizre,Þýrnak,Cizre,"1,0","42","0,92","17,0","39,3","0,95","9","34,6","1,00"
73,1931,Þýrnak Güçlükonak,Þýrnak,Güçlükonak,,"0","0","4,0","33,7","1,01","2","27,5","1,07"
73,1403,Þýrnak Ýdil,Þýrnak,Ýdil,,"0","0","13,0","35,8","0,99","8","33,7","1,01"
73,1623,Þýrnak Silopi,Þýrnak,Silopi,"1,0","31","1,04","12,0","33,7","1,01","8","31,6","1,03"
73,1698,Þýrnak Uludere,Þýrnak,Uludere,,"0","0","2,0","37,5","0,97","5","35,8","0,99"
59,1250,Tekirdað Çerkezköy,Tekirdað,Çerkezköy,"2,0","37,5","0,97","5,0","42,2","0,92","5","42","0,92"
59,1258,Tekirdað Çorlu,Tekirdað,Çorlu,"3,0","36,3","0,98","10,0","43,4","0,91","8","45,7","0,89"
59,2094,Tekirdað Ergene,Tekirdað,Ergene,"2,0","38,5","0,96","8,0","42,2","0,92","7","38,1","0,96"
59,1388,Tekirdað Hayrabolu,Tekirdað,Hayrabolu,"2,0","37,5","0,97","11,0","42,7","0,92","7","36,1","0,98"
59,2095,Tekirdað Kapaklý,Tekirdað,Kapaklý,"2,0","35","1","8,0","43,6","0,91","4","45,7","0,89"
59,1511,Tekirdað Malkara,Tekirdað,Malkara,"3,0","36,6","0,98","12,0","40,5","0,94","10","37,4","0,97"
59,1538,Tekirdað Muratlý,Tekirdað,Muratlý,"1,0","35","1","9,0","45,1","0,89","4","38,5","0,96"
59,1596,Tekirdað Saray,Tekirdað,Saray,"1,0","36","0,99","3,0","37,0","0,98","6","37,1","0,97"
59,2096,Tekirdað Süleymanpaþa,Tekirdað,Süleymanpaþa,"5,0","36,8","0,98","21,0","44,1","0,90","15","45,4","0,89"
59,1652,Tekirdað Þarköy,Tekirdað,Þarköy,"1,0","29","1,06","7,0","47,2","0,87","6","43,6","0,91"
60,1129,Tokat Almus,Tokat,Almus,,"0","0","6,0","40,5","0,94","5","32,8","1,02"
60,1151,Tokat Artova,Tokat,Artova,,"0","0","5,0","42,6","0,92","4","33,5","1,01"
60,1883,Tokat Baþçiftlik,Tokat,Baþçiftlik,,"0","0","1,0","31,0","1,04","2","41,5","0,93"
60,1308,Tokat Erbaa,Tokat,Erbaa,"3,0","35","1","18,0","44,7","0,90","13","37,6","0,97"
60,1545,Tokat Niksar,Tokat,Niksar,"1,0","35","1","12,0","45,7","0,89","9","41,2","0,93"
60,1834,Tokat Pazar,Tokat,Pazar,,"0","0","11,0","42,7","0,92","6","39,6","0,95"
60,1584,Tokat Reþadiye,Tokat,Reþadiye,,"0","0","4,0","36,0","0,99","4","36,7","0,98"
60,1987,Tokat Sulusaray,Tokat,Sulusaray,,"0","0","3,0","35,0","1","3","30,3","1,04"
60,1690,Tokat Turhal,Tokat,Turhal,,"0","0","16,0","44,0","0,91","11","37,4","0,97"
60,1858,Tokat Yeþilyurt,Tokat,Yeþilyurt,,"0","0","5,0","31,2","1,03","5","45,4","0,89"
60,1740,Tokat Zile,Tokat,Zile,"1,0","36","0,99","15,0","46,0","0,88","12","37,0","0,97"
61,1113,Trabzon Akçaabat,Trabzon,Akçaabat,"3,0","37,3","0,97","18,0","47,9","0,87","8","44","0,91"
61,1141,Trabzon Araklý,Trabzon,Araklý,"2,0","36","0,99","11,0","46,0","0,89","4","38,2","0,96"
61,1150,Trabzon Arsin,Trabzon,Arsin,"1,0","39","0,96","9,0","44,1","0,90","3","36","0,99"
61,1775,Trabzon Beþikdüzü,Trabzon,Beþikdüzü,"1,0","37","0,98","7,0","51,0","0,84","4","45,2","0,89"
61,1896,Trabzon Çarþýbaþý,Trabzon,Çarþýbaþý,,"0","0","5,0","43,8","0,91","4","42","0,92"
61,1244,Trabzon Çaykara,Trabzon,Çaykara,,"0","0","2,0","38,5","0,96","1","26","1,09"
61,1909,Trabzon Dernekpazarý,Trabzon,Dernekpazarý,,"0","0","1,0","30,0","1,05","3","34","1,01"
61,1917,Trabzon Düzköy,Trabzon,Düzköy,,"0","0","3,0","35,0","1","4","35,7","0,99"
61,1942,Trabzon Hayrat,Trabzon,Hayrat,,"0","0","2,0","40,5","0,94","1","27","1,08"
61,1966,Trabzon Köprübaþý,Trabzon,Köprübaþý,,"0","0","3,0","46,6","0,88",,,"0"
61,1507,Trabzon Maçka,Trabzon,Maçka,"1,0","40","0,95","6,0","45,3","0,89","2","42,5","0,92"
61,1548,Trabzon Of,Trabzon,Of,"1,0","35","1","9,0","44,2","0,90","4","47,7","0,87"
61,2097,Trabzon Ortahisar,Trabzon,Ortahisar,"6,0","37,6","0,97","18,0","51,6","0,83","10","45,6","0,89"
61,1647,Trabzon Sürmene,Trabzon,Sürmene,"1,0","34","1,01","10,0","42,5","0,92","2","44,5","0,90"
61,1842,Trabzon Þalpazarý,Trabzon,Þalpazarý,,"0","0","3,0","30,0","1,05","2","35,5","0,99"
61,1681,Trabzon Tonya,Trabzon,Tonya,,"0","0","4,0","42,2","0,92","4","38,7","0,96"
61,1709,Trabzon Vakfýkebir,Trabzon,Vakfýkebir,"2,0","43,5","0,91","6,0","46,8","0,88","5","36,2","0,98"
61,1732,Trabzon Yomra,Trabzon,Yomra,"2,0","37,5","0,97","11,0","44,7","0,90","4","45,7","0,89"
62,1247,Tunceli Çemiþgezek,Tunceli,Çemiþgezek,,"0","0","4,0","32,5","1,02","6","29,5","1,05"
62,1397,Tunceli Hozat,Tunceli,Hozat,,"0","0","4,0","36,2","0,98","1","28","1,07"
62,1518,Tunceli Mazgirt,Tunceli,Mazgirt,,"0","0","5,0","32,6","1,02","1","43","0,92"
62,1562,Tunceli Ovacýk,Tunceli,Ovacýk,,"0","0","4,0","41,5","0,93","2","32,5","1,02"
62,1574,Tunceli Pertek,Tunceli,Pertek,,"0","0","7,0","40,0","0,95","3","38,3","0,96"
62,1581,Tunceli Pülümür,Tunceli,Pülümür,,"0","0","4,0","33,0","1,02","2","29,5","1,05"
64,1170,Uþak Banaz,Uþak,Banaz,"1,0","34","1,01","7,0","36,0","0,99","9","36,2","0,98"
64,1323,Uþak Eþme,Uþak,Eþme,"1,0","31","1,04","9,0","36,0","0,99","10","37,8","0,97"
64,1436,Uþak Karahallý,Uþak,Karahallý,,"0","0","5,0","37,6","0,97","3","38,6","0,96"
64,1629,Uþak Sivaslý,Uþak,Sivaslý,"1,0","37","0,98","8,0","39,5","0,95","9","35,2","0,99"
64,1697,Uþak Ulubey,Uþak,Ulubey,"1,0","35","1","7,0","43,2","0,91","7","38,8","0,96"
65,1770,Van Bahçesaray,Van,Bahçesaray,,"0","0","2,0","35,5","0,99","2","32","1,03"
65,1175,Van Baþkale,Van,Baþkale,,"0","0","7,0","33,7","1,01","8","30,1","1,04"
65,1786,Van Çaldýran,Van,Çaldýran,"1,0","30","1,05","7,0","32,7","1,02","6","29,8","1,05"
65,1236,Van Çatak,Van,Çatak,,"0","0","8,0","34,6","1,00","3","29,3","1,05"
65,1918,Van Edremit,Van,Edremit,"1,0","32","1,03","14,0","46,3","0,88","11","41,7","0,93"
65,1309,Van Erciþ,Van,Erciþ,"1,0","30","1,05","10,0","36,6","0,98","8","36,3","0,98"
65,1350,Van Gevaþ,Van,Gevaþ,"1,0","33","1,02","12,0","38,1","0,96","8","31,8","1,03"
65,1372,Van Gürpýnar,Van,Gürpýnar,"1,0","46","0,89","12,0","35,7","0,99","9","34,1","1,00"
65,2098,Van Ýpekyolu,Van,Ýpekyolu,"2,0","37","0,98","27,0","43,2","0,91","17","36","0,99"
65,1533,Van Muradiye,Van,Muradiye,"1,0","35","1","6,0","35,0","1","8","33,2","1,01"
65,1565,Van Özalp,Van,Özalp,,"0","0","5,0","32,2","1,02","8","30,8","1,04"
65,1980,Van Saray,Van,Saray,,"0","0","10,0","33,4","1,01","7","30,4","1,04"
65,2099,Van Tuþba,Van,Tuþba,"2,0","32","1,03","21,0","43,2","0,91","12","37,4","0,97"
77,2019,Yalova Altýnova,Yalova,Altýnova,"1,0","32","1,03","5,0","43,2","0,91","4","40,2","0,94"
77,2020,Yalova Armutlu,Yalova,Armutlu,,"0","0","3,0","39,6","0,95","2","39","0,96"
77,2021,Yalova Çýnarcýk,Yalova,Çýnarcýk,"1,0","32","1,03","3,0","58,0","0,77","3","36,6","0,98"
77,2022,Yalova Çiftlikköy,Yalova,Çiftlikköy,"1,0","35","1","5,0","43,2","0,91","5","48","0,87"
77,2026,Yalova Termal,Yalova,Termal,,"0","0","5,0","46,2","0,88","2","34","1,01"
66,1117,Yozgat Akdaðmadeni,Yozgat,Akdaðmadeni,"2,0","31","1,04","11,0","39,2","0,95","3","34,3","1,00"
66,1877,Yozgat Aydýncýk,Yozgat,Aydýncýk,,"0","0","5,0","30,2","1,04","1","27","1,08"
66,1198,Yozgat Boðazlýyan,Yozgat,Boðazlýyan,,"0","0","8,0","32,5","1,02","7","36,1","0,98"
66,1895,Yozgat Çandýr,Yozgat,Çandýr,,"0","0","2,0","26,5","1,08","1","27","1,08"
66,1242,Yozgat Çayýralan,Yozgat,Çayýralan,,"0","0","4,0","35,5","0,99","2","29","1,06"
66,1245,Yozgat Çekerek,Yozgat,Çekerek,,"0","0","4,0","35,7","0,99","5","29","1,06"
66,1952,Yozgat Kadýþehri,Yozgat,Kadýþehri,,"0","0","3,0","31,6","1,03",,,"0"
66,1982,Yozgat Saraykent,Yozgat,Saraykent,,"0","0","2,0","41,5","0,93","4","37,2","0,97"
66,1602,Yozgat Sarýkaya,Yozgat,Sarýkaya,"1,0","33","1,02","8,0","34,6","1,00","2","31","1,04"
66,1635,Yozgat Sorgun,Yozgat,Sorgun,"2,0","36","0,99","10,0","42,4","0,92","7","36,4","0,98"
66,1998,Yozgat Yenifakýlý,Yozgat,Yenifakýlý,,"0","0","2,0","36,0","0,99","1","29","1,06"
66,1726,Yozgat Yerköy,Yozgat,Yerköy,"1,0","34","1,01","8,0","34,5","1,00","8","30,8","1,04"
67,1758,Zonguldak Alaplý,Zonguldak,Alaplý,"2,0","37","0,98","8,0","42,2","0,92","4","40,2","0,94"
67,1240,Zonguldak Çaycuma,Zonguldak,Çaycuma,"2,0","37","0,98","9,0","37,5","0,97","9","34","1,01"
67,1276,Zonguldak Devrek,Zonguldak,Devrek,"2,0","41,5","0,93","5,0","36,8","0,98","4","36,2","0,98"
67,1926,Zonguldak Gökçebey,Zonguldak,Gökçebey,,"0","0","2,0","34,0","1,01","3","36","0,99"
67,2100,Zonguldak Kilimli,Zonguldak,Kilimli,"1,0","38","0,97","3,0","37,6","0,97","3","35,6","0,99"
67,2101,Zonguldak Kozlu,Zonguldak,Kozlu,"2,0","40","0,95","5,0","37,8","0,97","5","35,2","0,99"
